{
  "project_info": {
    "project_number": "852602527045",
    "project_id": "petbook-6bb94",
    "storage_bucket": "petbook-6bb94.appspot.com"
  },
  "client": [
    {
      "client_info": {
        "mobilesdk_app_id": "1:852602527045:android:48126736761a560670722c",
        "android_client_info": {
          "package_name": "com.dream.petbook"
        }
      },
      "oauth_client": [
        {
          "client_id": "852602527045-oe76q4dc01cs26r6nifdof9es8u6behi.apps.googleusercontent.com",
          "client_type": 3
        }
      ],
      "api_key": [
        {
          "current_key": "AIzaSyDxOXw0sWazRT3Qb6rTc6e8iMCriFF9Y8s"
        }
      ],
      "services": {
        "appinvite_service": {
          "other_platform_oauth_client": [
            {
              "client_id": "852602527045-oe76q4dc01cs26r6nifdof9es8u6behi.apps.googleusercontent.com",
              "client_type": 3
            }
          ]
        }
      }
    },
    {
      "client_info": {
        "mobilesdk_app_id": "1:852602527045:android:fff3f89f5e69d78170722c",
        "android_client_info": {
          "package_name": "com.example.petbook"
        }
      },
      "oauth_client": [
        {
          "client_id": "852602527045-odtnl7u1sndbdputu87f79rvgn1ui8rb.apps.googleusercontent.com",
          "client_type": 1,
          "android_info": {
            "package_name": "com.example.petbook",
            "certificate_hash": "67a290f0675ff04225f31a6580e3734f84fda3d6"
          }
        },
        {
          "client_id": "852602527045-oe76q4dc01cs26r6nifdof9es8u6behi.apps.googleusercontent.com",
          "client_type": 3
        }
      ],
      "api_key": [
        {
          "current_key": "AIzaSyDxOXw0sWazRT3Qb6rTc6e8iMCriFF9Y8s"
        }
      ],
      "services": {
        "appinvite_service": {
          "other_platform_oauth_client": [
            {
              "client_id": "852602527045-oe76q4dc01cs26r6nifdof9es8u6behi.apps.googleusercontent.com",
              "client_type": 3
            }
          ]
        }
      }
    }
  ],
  "configuration_version": "1"
}