{"v":"5.0.3","fr":10,"ip":0,"op":300,"w":2000,"h":2000,"nm":"Untitled-1","ddd":0,"comps":[],"layers":[{"ddd":0,"ind":1,"ty":4,"nm":"Layer 9 Outlines","sr":1,"ks":{"o":{"a":0,"k":100,"ix":11},"r":{"a":0,"k":0,"ix":10},"p":{"a":1,"k":[{"i":{"x":0.34,"y":1},"o":{"x":0.66,"y":0},"n":"0p34_1_0p66_0","t":0,"s":[324.492,737.859,0],"e":[1475.492,737.859,0],"to":[191.83332824707,0,0],"ti":[-191.83332824707,0,0]},{"t":150}],"ix":2,"x":"var $bm_rt;\n$bm_rt = loopOut('pingpong');"},"a":{"a":0,"k":[124.01,19.141,0],"ix":1},"s":{"a":0,"k":[100,100,100],"ix":6}},"ao":0,"shapes":[{"ty":"gr","it":[{"ind":0,"ty":"sh","ix":1,"ks":{"a":0,"k":{"i":[[1.415,1.521],[0,0],[1.414,-1.521],[0,0],[1.414,1.521],[0,0],[1.414,-1.521],[0,0],[1.413,1.521],[0,0],[1.413,-1.521],[0,0],[1.415,1.521],[0,0],[1.418,-1.521],[0,0],[1.418,1.521],[-1.414,1.521],[0,0],[-1.415,-1.521],[0,0],[-1.415,1.522],[0,0],[-1.414,-1.521],[0,0],[-1.414,1.522],[0,0],[-1.414,-1.521],[0,0],[-1.415,1.522],[0,0],[-1.414,-1.521],[0,0],[-1.417,1.522],[0,0],[-1.417,-1.522],[1.415,-1.523],[0,0]],"o":[[0,0],[-1.414,-1.521],[0,0],[-1.415,1.521],[0,0],[-1.414,-1.521],[0,0],[-1.414,1.521],[0,0],[-1.414,-1.521],[0,0],[-1.415,1.521],[0,0],[-1.415,-1.521],[0,0],[-1.417,1.521],[-1.414,-1.522],[0,0],[1.418,-1.521],[0,0],[1.415,1.522],[0,0],[1.413,-1.521],[0,0],[1.413,1.522],[0,0],[1.414,-1.521],[0,0],[1.414,1.522],[0,0],[1.414,-1.521],[0,0],[1.415,1.522],[0,0],[1.417,-1.522],[1.415,1.521],[0,0],[-1.417,1.521]],"v":[[92.595,17.37],[70.532,-6.347],[65.407,-6.347],[43.345,17.37],[38.219,17.37],[16.156,-6.347],[11.031,-6.347],[-11.032,17.37],[-16.156,17.37],[-38.22,-6.347],[-43.344,-6.347],[-65.407,17.37],[-70.533,17.37],[-92.595,-6.347],[-97.72,-6.347],[-117.218,14.614],[-122.346,14.614],[-122.346,9.104],[-97.72,-17.37],[-92.595,-17.37],[-70.533,6.347],[-65.407,6.347],[-43.344,-17.37],[-38.22,-17.37],[-16.156,6.347],[-11.032,6.347],[11.031,-17.37],[16.156,-17.37],[38.219,6.347],[43.345,6.347],[65.407,-17.37],[70.532,-17.37],[92.595,6.347],[97.72,6.347],[117.218,-14.613],[122.345,-14.613],[122.345,-9.102],[97.72,17.37]],"c":true},"ix":2},"nm":"Path 1","mn":"ADBE Vector Shape - Group","hd":false},{"ty":"fl","c":{"a":0,"k":[0.9411764705882353,0.13333333333333333,0.13333333333333333,1],"ix":4},"o":{"a":0,"k":100,"ix":5},"r":1,"nm":"Fill 1","mn":"ADBE Vector Graphic - Fill","hd":false},{"ty":"tr","p":{"a":0,"k":[124.01,19.141],"ix":2},"a":{"a":0,"k":[0,0],"ix":1},"s":{"a":0,"k":[100,100],"ix":3},"r":{"a":0,"k":0,"ix":6},"o":{"a":0,"k":100,"ix":7},"sk":{"a":0,"k":0,"ix":4},"sa":{"a":0,"k":0,"ix":5},"nm":"Transform"}],"nm":"Group 1","np":2,"cix":2,"ix":1,"mn":"ADBE Vector Group","hd":false}],"ip":300,"op":300,"st":0,"bm":0,"hidden":300},{"ddd":0,"ind":2,"ty":4,"nm":"Layer 8 Outlines","parent":9,"sr":1,"ks":{"o":{"a":0,"k":100,"ix":11},"r":{"a":0,"k":0,"ix":10},"p":{"a":0,"k":[-136.341,-431.76,0],"ix":2},"a":{"a":0,"k":[50.999,50.998,0],"ix":1},"s":{"a":0,"k":[93.882,93.882,100],"ix":6}},"ao":0,"shapes":[{"ty":"gr","it":[{"ind":0,"ty":"sh","ix":1,"ks":{"a":0,"k":{"i":[[4.451,8.429],[3.994,7.563],[-4.452,-8.43],[-3.994,-7.564]],"o":[[-3.994,-7.565],[-4.452,-8.432],[3.994,7.564],[4.452,8.43]],"v":[[12.387,7.609],[0.401,-15.082],[-12.385,-7.61],[-0.401,15.085]],"c":true},"ix":2},"nm":"Path 1","mn":"ADBE Vector Shape - Group","hd":false},{"ty":"fl","c":{"a":0,"k":[0.5647058823529412,0.07450980392156863,0.996078431372549,1],"ix":4},"o":{"a":0,"k":100,"ix":5},"r":1,"nm":"Fill 1","mn":"ADBE Vector Graphic - Fill","hd":false},{"ty":"tr","p":{"a":0,"k":[65.381,78.232],"ix":2},"a":{"a":0,"k":[0,0],"ix":1},"s":{"a":0,"k":[100,100],"ix":3},"r":{"a":0,"k":0,"ix":6},"o":{"a":0,"k":100,"ix":7},"sk":{"a":0,"k":0,"ix":4},"sa":{"a":0,"k":0,"ix":5},"nm":"Transform"}],"nm":"Group 1","np":2,"cix":2,"ix":1,"mn":"ADBE Vector Group","hd":false},{"ty":"gr","it":[{"ind":0,"ty":"sh","ix":1,"ks":{"a":0,"k":{"i":[[4.451,8.429],[3.994,7.565],[-4.452,-8.428],[-3.994,-7.564]],"o":[[-3.998,-7.566],[-4.452,-8.43],[3.994,7.568],[4.452,8.43]],"v":[[12.387,7.612],[0.401,-15.085],[-12.386,-7.611],[-0.401,15.085]],"c":true},"ix":2},"nm":"Path 1","mn":"ADBE Vector Shape - Group","hd":false},{"ty":"fl","c":{"a":0,"k":[0.9411764705882353,0.13333333333333333,0.13333333333333333,1],"ix":4},"o":{"a":0,"k":100,"ix":5},"r":1,"nm":"Fill 1","mn":"ADBE Vector Graphic - Fill","hd":false},{"ty":"tr","p":{"a":0,"k":[36.617,23.765],"ix":2},"a":{"a":0,"k":[0,0],"ix":1},"s":{"a":0,"k":[100,100],"ix":3},"r":{"a":0,"k":0,"ix":6},"o":{"a":0,"k":100,"ix":7},"sk":{"a":0,"k":0,"ix":4},"sa":{"a":0,"k":0,"ix":5},"nm":"Transform"}],"nm":"Group 2","np":2,"cix":2,"ix":2,"mn":"ADBE Vector Group","hd":false},{"ty":"gr","it":[{"ind":0,"ty":"sh","ix":1,"ks":{"a":0,"k":{"i":[[8.429,-4.452],[7.568,-3.994],[-8.431,4.453],[-7.563,3.997]],"o":[[-7.566,3.994],[-8.427,4.453],[7.563,-3.994],[8.431,-4.451]],"v":[[7.61,-12.387],[-15.087,-0.403],[-7.61,12.385],[15.084,0.399]],"c":true},"ix":2},"nm":"Path 1","mn":"ADBE Vector Shape - Group","hd":false},{"ty":"fl","c":{"a":0,"k":[0.9411764705882353,0.13333333333333333,0.13333333333333333,1],"ix":4},"o":{"a":0,"k":100,"ix":5},"r":1,"nm":"Fill 1","mn":"ADBE Vector Graphic - Fill","hd":false},{"ty":"tr","p":{"a":0,"k":[78.234,36.617],"ix":2},"a":{"a":0,"k":[0,0],"ix":1},"s":{"a":0,"k":[100,100],"ix":3},"r":{"a":0,"k":0,"ix":6},"o":{"a":0,"k":100,"ix":7},"sk":{"a":0,"k":0,"ix":4},"sa":{"a":0,"k":0,"ix":5},"nm":"Transform"}],"nm":"Group 3","np":2,"cix":2,"ix":3,"mn":"ADBE Vector Group","hd":false},{"ty":"gr","it":[{"ind":0,"ty":"sh","ix":1,"ks":{"a":0,"k":{"i":[[8.432,-4.451],[7.563,-3.995],[-8.431,4.452],[-7.567,3.994]],"o":[[-7.563,3.994],[-8.432,4.454],[7.564,-3.994],[8.427,-4.451]],"v":[[7.611,-12.387],[-15.083,-0.401],[-7.61,12.386],[15.087,0.4]],"c":true},"ix":2},"nm":"Path 1","mn":"ADBE Vector Shape - Group","hd":false},{"ty":"fl","c":{"a":0,"k":[0.9411764705882353,0.13333333333333333,0.13333333333333333,1],"ix":4},"o":{"a":0,"k":100,"ix":5},"r":1,"nm":"Fill 1","mn":"ADBE Vector Graphic - Fill","hd":false},{"ty":"tr","p":{"a":0,"k":[23.765,65.381],"ix":2},"a":{"a":0,"k":[0,0],"ix":1},"s":{"a":0,"k":[100,100],"ix":3},"r":{"a":0,"k":0,"ix":6},"o":{"a":0,"k":100,"ix":7},"sk":{"a":0,"k":0,"ix":4},"sa":{"a":0,"k":0,"ix":5},"nm":"Transform"}],"nm":"Group 4","np":2,"cix":2,"ix":4,"mn":"ADBE Vector Group","hd":false}],"ip":300,"op":300,"st":0,"bm":0,"hidden":0},{"ddd":0,"ind":3,"ty":4,"nm":"Layer 7 Outlines","parent":9,"sr":1,"ks":{"o":{"a":0,"k":100,"ix":11},"r":{"a":0,"k":0,"ix":10},"p":{"a":0,"k":[-310.293,-96.646,0],"ix":2},"a":{"a":0,"k":[37.272,37.271,0],"ix":1},"s":{"a":0,"k":[93.882,93.882,100],"ix":6}},"ao":0,"shapes":[{"ty":"gr","it":[{"ind":0,"ty":"sh","ix":1,"ks":{"a":0,"k":{"i":[[20.445,0],[0,-20.446],[-20.446,0],[0,20.45]],"o":[[-20.446,0],[0,20.45],[20.445,0],[0,-20.446]],"v":[[0,-37.021],[-37.022,0],[0,37.021],[37.022,0]],"c":true},"ix":2},"nm":"Path 1","mn":"ADBE Vector Shape - Group","hd":false},{"ind":1,"ty":"sh","ix":2,"ks":{"a":0,"k":{"i":[[-12.249,0],[0,-12.25],[12.249,0],[0,12.25]],"o":[[12.249,0],[0,12.25],[-12.249,0],[0,-12.25]],"v":[[0,-22.214],[22.213,0],[0,22.213],[-22.213,0]],"c":true},"ix":2},"nm":"Path 2","mn":"ADBE Vector Shape - Group","hd":false},{"ty":"mm","mm":1,"nm":"Merge Paths 1","mn":"ADBE Vector Filter - Merge","hd":false},{"ty":"fl","c":{"a":0,"k":[0.9411764705882353,0.13333333333333333,0.13333333333333333,1],"ix":4},"o":{"a":0,"k":100,"ix":5},"r":1,"nm":"Fill 1","mn":"ADBE Vector Graphic - Fill","hd":false},{"ty":"tr","p":{"a":0,"k":[37.272,37.271],"ix":2},"a":{"a":0,"k":[0,0],"ix":1},"s":{"a":0,"k":[100,100],"ix":3},"r":{"a":0,"k":0,"ix":6},"o":{"a":0,"k":100,"ix":7},"sk":{"a":0,"k":0,"ix":4},"sa":{"a":0,"k":0,"ix":5},"nm":"Transform"}],"nm":"Group 1","np":4,"cix":2,"ix":1,"mn":"ADBE Vector Group","hd":false}],"ip":300,"op":300,"st":0,"bm":0,"hidden":0},{"ddd":0,"ind":4,"ty":4,"nm":"Layer 6 Outlines","sr":1,"ks":{"o":{"a":0,"k":100,"ix":11},"r":{"a":0,"k":0,"ix":10},"p":{"a":0,"k":[1538.81,900.756,0],"ix":2},"a":{"a":0,"k":[124.01,19.141,0],"ix":1},"s":{"a":0,"k":[100,100,100],"ix":6}},"ao":0,"shapes":[{"ty":"gr","it":[{"ind":0,"ty":"sh","ix":1,"ks":{"a":0,"k":{"i":[[1.415,1.521],[0,0],[1.415,-1.522],[0,0],[1.414,1.521],[0,0],[1.415,-1.522],[0,0],[1.414,1.521],[0,0],[1.415,-1.522],[0,0],[1.414,1.521],[0,0],[1.418,-1.522],[0,0],[1.417,1.521],[-1.415,1.521],[0,0],[-1.415,-1.521],[0,0],[-1.415,1.522],[0,0],[-1.414,-1.521],[0,0],[-1.415,1.522],[0,0],[-1.414,-1.521],[0,0],[-1.418,1.522],[0,0],[-1.417,-1.521],[0,0],[-1.417,1.522],[0,0],[-1.417,-1.521],[1.413,-1.523],[0,0]],"o":[[0,0],[-1.417,-1.522],[0,0],[-1.418,1.521],[0,0],[-1.414,-1.522],[0,0],[-1.415,1.521],[0,0],[-1.414,-1.522],[0,0],[-1.415,1.521],[0,0],[-1.415,-1.522],[0,0],[-1.417,1.521],[-1.415,-1.522],[0,0],[1.418,-1.521],[0,0],[1.414,1.522],[0,0],[1.415,-1.521],[0,0],[1.414,1.522],[0,0],[1.415,-1.521],[0,0],[1.414,1.522],[0,0],[1.415,-1.521],[0,0],[1.415,1.522],[0,0],[1.418,-1.521],[1.413,1.522],[0,0],[-1.417,1.521]],"v":[[92.595,17.37],[70.533,-6.347],[65.408,-6.347],[43.346,17.37],[38.22,17.37],[16.156,-6.347],[11.031,-6.347],[-11.03,17.37],[-16.157,17.37],[-38.219,-6.347],[-43.345,-6.347],[-65.407,17.37],[-70.533,17.37],[-92.595,-6.347],[-97.721,-6.347],[-117.217,14.614],[-122.345,14.614],[-122.345,9.104],[-97.721,-17.37],[-92.595,-17.37],[-70.533,6.347],[-65.407,6.347],[-43.345,-17.37],[-38.219,-17.37],[-16.157,6.347],[-11.03,6.347],[11.031,-17.37],[16.156,-17.37],[38.22,6.347],[43.346,6.347],[65.408,-17.37],[70.533,-17.37],[92.595,6.347],[97.721,6.347],[117.217,-14.614],[122.346,-14.614],[122.346,-9.102],[97.721,17.37]],"c":true},"ix":2},"nm":"Path 1","mn":"ADBE Vector Shape - Group","hd":false},{"ty":"fl","c":{"a":0,"k":[0.9411764705882353,0.13333333333333333,0.13333333333333333,1],"ix":4},"o":{"a":0,"k":100,"ix":5},"r":1,"nm":"Fill 1","mn":"ADBE Vector Graphic - Fill","hd":false},{"ty":"tr","p":{"a":0,"k":[124.009,19.141],"ix":2},"a":{"a":0,"k":[0,0],"ix":1},"s":{"a":0,"k":[100,100],"ix":3},"r":{"a":0,"k":0,"ix":6},"o":{"a":0,"k":100,"ix":7},"sk":{"a":0,"k":0,"ix":4},"sa":{"a":0,"k":0,"ix":5},"nm":"Transform"}],"nm":"Group 1","np":2,"cix":2,"ix":1,"mn":"ADBE Vector Group","hd":false}],"ip":300,"op":300,"st":0,"bm":0,"hidden":0},{"ddd":0,"ind":5,"ty":4,"nm":"Layer 5 Outlines","sr":1,"ks":{"o":{"a":0,"k":100,"ix":11},"r":{"a":0,"k":0,"ix":10},"p":{"a":0,"k":[1603.883,604.055,0],"ix":2},"a":{"a":0,"k":[187.652,153.801,0],"ix":1},"s":{"a":0,"k":[100,100,100],"ix":6}},"ao":0,"shapes":[{"ty":"gr","it":[{"ind":0,"ty":"sh","ix":1,"ks":{"a":0,"k":{"i":[[19.995,80.67],[59.633,22.701],[57.195,-23.454],[4.168,-46.048],[-30.284,-11.203],[-37.409,-30.055],[-34.071,5.737]],"o":[[-16.046,-64.755],[-42.328,-16.115],[-27.512,11.281],[-4.168,46.047],[30.283,11.204],[33.372,26.813],[34.072,-5.738]],"v":[[167.407,1.659],[49.302,-135.306],[-110.311,-130.097],[-183.234,-37.846],[-118.465,43.671],[2.787,100.61],[101.565,147.814]],"c":true},"ix":2},"nm":"Path 1","mn":"ADBE Vector Shape - Group","hd":false},{"ty":"fl","c":{"a":0,"k":[0.2901960784313726,0.5647058823529412,0.8862745098039215,1],"ix":4},"o":{"a":0,"k":100,"ix":5},"r":1,"nm":"Fill 1","mn":"ADBE Vector Graphic - Fill","hd":false},{"ty":"tr","p":{"a":0,"k":[187.652,153.801],"ix":2},"a":{"a":0,"k":[0,0],"ix":1},"s":{"a":0,"k":[100,100],"ix":3},"r":{"a":0,"k":0,"ix":6},"o":{"a":0,"k":100,"ix":7},"sk":{"a":0,"k":0,"ix":4},"sa":{"a":0,"k":0,"ix":5},"nm":"Transform"}],"nm":"Group 1","np":2,"cix":2,"ix":1,"mn":"ADBE Vector Group","hd":false}],"ip":0,"op":300,"st":0,"bm":0},{"ddd":0,"ind":6,"ty":4,"nm":"Layer 4 Outlines","sr":1,"ks":{"o":{"a":0,"k":100,"ix":11},"r":{"a":1,"k":[{"i":{"x":[0.833],"y":[0.833]},"o":{"x":[0.167],"y":[0.167]},"n":["0p833_0p833_0p167_0p167"],"t":0,"s":[0],"e":[78]},{"t":150}],"ix":10,"x":"var $bm_rt;\n$bm_rt = loopOut('pingpong');"},"p":{"a":1,"k":[{"i":{"x":0.833,"y":0.833},"o":{"x":0.167,"y":0.167},"n":"0p833_0p833_0p167_0p167","t":0,"s":[656.029,480.987,0],"e":[1340.029,452.987,0],"to":[0,0,0],"ti":[-310,-251.33332824707,0]},{"t":150}],"ix":2,"x":"var $bm_rt;\n$bm_rt = loopOut('pingpong');"},"a":{"a":0,"k":[180.145,163.712,0],"ix":1},"s":{"a":0,"k":[100,100,100],"ix":6}},"ao":0,"shapes":[{"ty":"gr","it":[{"ind":0,"ty":"sh","ix":1,"ks":{"a":0,"k":{"i":[[-45.343,3.016],[-17.294,46.399],[-54.023,20.253],[59.606,33.518],[49.352,-21.59],[3.369,-84.083]],"o":[[63.12,-4.198],[14.43,-38.72],[40.276,-15.099],[-64.406,-36.218],[-49.352,21.59],[-3.995,99.807]],"v":[[-55.746,160.446],[37.739,65.287],[139.619,-29.237],[112.216,-127.244],[-63.837,-129.856],[-175.899,26.699]],"c":true},"ix":2},"nm":"Path 1","mn":"ADBE Vector Shape - Group","hd":false},{"ty":"fl","c":{"a":0,"k":[0.7411764705882353,0.06274509803921569,0.8784313725490196,1],"ix":4},"o":{"a":0,"k":100,"ix":5},"r":1,"nm":"Fill 1","mn":"ADBE Vector Graphic - Fill","hd":false},{"ty":"tr","p":{"a":0,"k":[180.145,163.712],"ix":2},"a":{"a":0,"k":[0,0],"ix":1},"s":{"a":0,"k":[100,100],"ix":3},"r":{"a":0,"k":0,"ix":6},"o":{"a":0,"k":100,"ix":7},"sk":{"a":0,"k":0,"ix":4},"sa":{"a":0,"k":0,"ix":5},"nm":"Transform"}],"nm":"Group 1","np":2,"cix":2,"ix":1,"mn":"ADBE Vector Group","hd":false}],"ip":0,"op":300,"st":0,"bm":0},{"ddd":0,"ind":7,"ty":4,"nm":"Layer 3 Outlines","sr":1,"ks":{"o":{"a":0,"k":100,"ix":11},"r":{"a":1,"k":[{"i":{"x":[0.833],"y":[0.833]},"o":{"x":[0.167],"y":[0.167]},"n":["0p833_0p833_0p167_0p167"],"t":0,"s":[0],"e":[-60]},{"t":150}],"ix":10,"x":"var $bm_rt;\n$bm_rt = loopOut('pingpong');"},"p":{"a":1,"k":[{"i":{"x":0.833,"y":0.833},"o":{"x":0.167,"y":0.167},"n":"0p833_0p833_0p167_0p167","t":0,"s":[1309.309,1506.269,0],"e":[1629.309,1098.269,0],"to":[0,0,0],"ti":[54.6666679382324,416,0]},{"t":150}],"ix":2,"x":"var $bm_rt;\n$bm_rt = loopOut('pingpong');"},"a":{"a":0,"k":[264.046,171.684,0],"ix":1},"s":{"a":0,"k":[100,100,100],"ix":6}},"ao":0,"shapes":[{"ty":"gr","it":[{"ind":0,"ty":"sh","ix":1,"ks":{"a":0,"k":{"i":[[-111.011,-36.068],[-57.49,61.983],[66.553,41.382],[29.707,-26.388],[44.529,34.761],[2.771,-25.165]],"o":[[145.313,47.21],[45.378,-48.929],[-77.3,-48.063],[-45.875,40.757],[-44.533,-34.763],[-4.971,45.127]],"v":[[-106.958,124.223],[207.427,56.36],[197.242,-123.37],[12.145,-69.622],[-176.299,-52.481],[-258.824,-28.394]],"c":true},"ix":2},"nm":"Path 1","mn":"ADBE Vector Shape - Group","hd":false},{"ty":"fl","c":{"a":0,"k":[0.27058823529411763,0.13333333333333333,0.9411764705882353,1],"ix":4},"o":{"a":0,"k":100,"ix":5},"r":1,"nm":"Fill 1","mn":"ADBE Vector Graphic - Fill","hd":false},{"ty":"tr","p":{"a":0,"k":[264.045,171.684],"ix":2},"a":{"a":0,"k":[0,0],"ix":1},"s":{"a":0,"k":[100,100],"ix":3},"r":{"a":0,"k":0,"ix":6},"o":{"a":0,"k":100,"ix":7},"sk":{"a":0,"k":0,"ix":4},"sa":{"a":0,"k":0,"ix":5},"nm":"Transform"}],"nm":"Group 1","np":2,"cix":2,"ix":1,"mn":"ADBE Vector Group","hd":false}],"ip":0,"op":300,"st":0,"bm":0},{"ddd":0,"ind":8,"ty":4,"nm":"Layer 2 Outlines","parent":9,"sr":1,"ks":{"o":{"a":0,"k":100,"ix":11},"r":{"a":0,"k":0,"ix":10},"p":{"a":0,"k":[-426.016,-548.148,0],"ix":2},"a":{"a":0,"k":[50.956,50.955,0],"ix":1},"s":{"a":0,"k":[93.068,93.068,100],"ix":6}},"ao":0,"shapes":[{"ty":"gr","it":[{"ind":0,"ty":"sh","ix":1,"ks":{"a":0,"k":{"i":[[-21.895,-11.06],[-11.06,21.896],[21.896,11.061],[11.06,-21.895]],"o":[[21.898,11.06],[11.061,-21.895],[-21.897,-11.059],[-11.061,21.895]],"v":[[-20.026,39.645],[39.645,20.024],[20.026,-39.647],[-39.645,-20.025]],"c":true},"ix":2},"nm":"Path 1","mn":"ADBE Vector Shape - Group","hd":false},{"ty":"fl","c":{"a":0,"k":[0.5647058823529412,0.07450980392156863,0.996078431372549,1],"ix":4},"o":{"a":0,"k":100,"ix":5},"r":1,"nm":"Fill 1","mn":"ADBE Vector Graphic - Fill","hd":false},{"ty":"tr","p":{"a":0,"k":[50.956,50.956],"ix":2},"a":{"a":0,"k":[0,0],"ix":1},"s":{"a":0,"k":[100,100],"ix":3},"r":{"a":0,"k":0,"ix":6},"o":{"a":0,"k":100,"ix":7},"sk":{"a":0,"k":0,"ix":4},"sa":{"a":0,"k":0,"ix":5},"nm":"Transform"}],"nm":"Group 1","np":2,"cix":2,"ix":1,"mn":"ADBE Vector Group","hd":false}],"ip":0,"op":300,"st":0,"bm":0},{"ddd":0,"ind":9,"ty":4,"nm":"Layer 10 Outlines","sr":1,"ks":{"o":{"a":0,"k":100,"ix":11},"r":{"a":0,"k":0,"ix":10},"p":{"a":1,"k":[{"i":{"x":0.833,"y":0.833},"o":{"x":0.167,"y":0.167},"n":"0p833_0p833_0p167_0p167","t":0,"s":[1598.046,1256.164,0],"e":[1058.046,1636.164,0],"to":[-66,487.333343505859,0],"ti":[0,0,0]},{"t":150}],"ix":2,"x":"var $bm_rt;\n$bm_rt = loopOut('pingpong');"},"a":{"a":0,"k":[74.294,74.294,0],"ix":1},"s":{"a":1,"k":[{"i":{"x":[0.833,0.833,0.833],"y":[0.833,0.833,0.833]},"o":{"x":[0.167,0.167,0.167],"y":[0.167,0.167,0.167]},"n":["0p833_0p833_0p167_0p167","0p833_0p833_0p167_0p167","0p833_0p833_0p167_0p167"],"t":0,"s":[100,100,100],"e":[127,127,100]},{"t":29}],"ix":6,"x":"var $bm_rt;\n$bm_rt = loopOut('pingpong');"}},"ao":0,"shapes":[{"ty":"gr","it":[{"ind":0,"ty":"sh","ix":1,"ks":{"a":0,"k":{"i":[[-40.893,0],[0,40.893],[40.892,0],[0,-40.891]],"o":[[40.892,0],[0,-40.891],[-40.893,0],[0,40.893]],"v":[[0,74.043],[74.044,0],[0,-74.043],[-74.044,0]],"c":true},"ix":2},"nm":"Path 1","mn":"ADBE Vector Shape - Group","hd":false},{"ty":"fl","c":{"a":0,"k":[0.5647058823529412,0.07450980392156863,0.996078431372549,1],"ix":4},"o":{"a":0,"k":100,"ix":5},"r":1,"nm":"Fill 1","mn":"ADBE Vector Graphic - Fill","hd":false},{"ty":"tr","p":{"a":0,"k":[74.294,74.294],"ix":2},"a":{"a":0,"k":[0,0],"ix":1},"s":{"a":0,"k":[100,100],"ix":3},"r":{"a":0,"k":0,"ix":6},"o":{"a":0,"k":100,"ix":7},"sk":{"a":0,"k":0,"ix":4},"sa":{"a":0,"k":0,"ix":5},"nm":"Transform"}],"nm":"Group 1","np":2,"cix":2,"ix":1,"mn":"ADBE Vector Group","hd":false}],"ip":0,"op":300,"st":0,"bm":0},{"ddd":0,"ind":10,"ty":4,"nm":"Layer 11 Outlines","sr":1,"ks":{"o":{"a":0,"k":100,"ix":11},"r":{"a":1,"k":[{"i":{"x":[0.34],"y":[1]},"o":{"x":[0.66],"y":[0]},"n":["0p34_1_0p66_0"],"t":0,"s":[0],"e":[-148]},{"t":150}],"ix":10,"x":"var $bm_rt;\n$bm_rt = loopOut('pingpong');"},"p":{"a":0,"k":[1020.503,856.3279999999999,0],"ix":2},"a":{"a":0,"k":[659.45,561.516,0],"ix":1},"s":{"a":1,"k":[{"i":{"x":[0.34,0.34,0.34],"y":[1,1,1]},"o":{"x":[0.66,0.66,0.66],"y":[0,0,0]},"n":["0p34_1_0p66_0","0p34_1_0p66_0","0p34_1_0p66_0"],"t":0,"s":[100,81,100],"e":[100,100,100]},{"t":75}],"ix":6,"x":"var $bm_rt;\n$bm_rt = loopOut('pingpong');"}},"ao":0,"shapes":[{"ty":"gr","it":[{"ind":0,"ty":"sh","ix":1,"ks":{"a":0,"k":{"i":[[-110.591,-84.48],[-164.71,101.087],[-110.159,-39.688],[-89.055,119.867],[340.62,111.107],[67.235,133.868],[102.508,-6.827],[34.207,-141.079],[120.44,-188.828]],"o":[[95.118,72.656],[89.595,-54.985],[151.617,54.618],[89.057,-119.864],[-123.838,-40.396],[-71.311,-141.981],[-60.012,3.997],[-39.712,163.772],[-114.46,179.457]],"v":[[-567.622,500.541],[-168.527,450.409],[143.922,436.543],[536.287,365.045],[337.594,-113.901],[21.226,-400.878],[-249.292,-566.37],[-488.896,-376.183],[-543.99,102.064]],"c":true},"ix":2},"nm":"Path 1","mn":"ADBE Vector Shape - Group","hd":false},{"ty":"fl","c":{"a":0,"k":[0.5647058823529412,0.07450980392156863,0.996078431372549,1],"ix":4},"o":{"a":0,"k":100,"ix":5},"r":1,"nm":"Fill 1","mn":"ADBE Vector Graphic - Fill","hd":false},{"ty":"tr","p":{"a":0,"k":[678.464,573.447],"ix":2},"a":{"a":0,"k":[0,0],"ix":1},"s":{"a":0,"k":[100,100],"ix":3},"r":{"a":0,"k":0,"ix":6},"o":{"a":0,"k":100,"ix":7},"sk":{"a":0,"k":0,"ix":4},"sa":{"a":0,"k":0,"ix":5},"nm":"Transform"}],"nm":"Group 1","np":2,"cix":2,"ix":1,"mn":"ADBE Vector Group","hd":false}],"ip":0,"op":300,"st":0,"bm":0},{"ddd":0,"ind":11,"ty":4,"nm":"Layer 12 Outlines","sr":1,"ks":{"o":{"a":0,"k":100,"ix":11},"r":{"a":1,"k":[{"i":{"x":[0.667],"y":[1]},"o":{"x":[0.333],"y":[0]},"n":["0p667_1_0p333_0"],"t":0,"s":[-152],"e":[0]},{"t":150}],"ix":10,"x":"var $bm_rt;\n$bm_rt = loopOut('pingpong');"},"p":{"a":1,"k":[{"i":{"x":0.667,"y":1},"o":{"x":0.333,"y":0},"n":"0p667_1_0p333_0","t":0,"s":[1095.826,959.991,0],"e":[1227.826,959.991,0],"to":[22,0,0],"ti":[-22,0,0]},{"t":150}],"ix":2,"x":"var $bm_rt;\n$bm_rt = loopOut('pingpong');"},"a":{"a":0,"k":[348.739,615.293,0],"ix":1},"s":{"a":1,"k":[{"i":{"x":[0.667,0.667,0.667],"y":[1,1,1]},"o":{"x":[0.333,0.333,0.333],"y":[0,0,0]},"n":["0p667_1_0p333_0","0p667_1_0p333_0","0p667_1_0p333_0"],"t":0,"s":[124,124,100],"e":[100,100,100]},{"t":150}],"ix":6,"x":"var $bm_rt;\n$bm_rt = loopOut('pingpong');"}},"ao":0,"shapes":[{"ty":"gr","it":[{"ind":0,"ty":"sh","ix":1,"ks":{"a":0,"k":{"i":[[-1.933,-1.918],[0,0],[-1.935,1.914],[0,0],[1.932,1.917],[0,0],[1.935,-1.914],[0,0]],"o":[[0,0],[1.933,1.917],[0,0],[1.933,-1.914],[0,0],[-1.936,-1.918],[0,0],[-1.933,1.914]],"v":[[-31.732,31.422],[-31.73,31.422],[-24.728,31.426],[31.731,-24.484],[31.733,-31.418],[31.731,-31.418],[24.729,-31.426],[-31.73,24.487]],"c":true},"ix":2},"nm":"Path 1","mn":"ADBE Vector Shape - Group","hd":false},{"ty":"fl","c":{"a":0,"k":[0.9411764705882353,0.13333333333333333,0.13333333333333333,1],"ix":4},"o":{"a":0,"k":100,"ix":5},"r":1,"nm":"Fill 1","mn":"ADBE Vector Graphic - Fill","hd":false},{"ty":"tr","p":{"a":0,"k":[540.16,1188.948],"ix":2},"a":{"a":0,"k":[0,0],"ix":1},"s":{"a":0,"k":[100,100],"ix":3},"r":{"a":0,"k":0,"ix":6},"o":{"a":0,"k":100,"ix":7},"sk":{"a":0,"k":0,"ix":4},"sa":{"a":0,"k":0,"ix":5},"nm":"Transform"}],"nm":"Group 1","np":2,"cix":2,"ix":1,"mn":"ADBE Vector Group","hd":false},{"ty":"gr","it":[{"ind":0,"ty":"sh","ix":1,"ks":{"a":0,"k":{"i":[[-1.934,-1.914],[0,0],[-1.932,1.919],[0,0],[1.935,1.916],[0,0],[1.933,-1.916],[0,0]],"o":[[0,0],[1.933,1.919],[0,0],[1.931,-1.915],[0,0],[-1.933,-1.916],[0,0],[-1.934,1.914]],"v":[[-57.02,56.467],[-57.02,56.467],[-50.02,56.467],[57.019,-49.53],[57.019,-56.467],[57.019,-56.469],[50.019,-56.469],[-57.02,49.531]],"c":true},"ix":2},"nm":"Path 1","mn":"ADBE Vector Shape - Group","hd":false},{"ty":"fl","c":{"a":0,"k":[0.9411764705882353,0.13333333333333333,0.13333333333333333,1],"ix":4},"o":{"a":0,"k":100,"ix":5},"r":1,"nm":"Fill 1","mn":"ADBE Vector Graphic - Fill","hd":false},{"ty":"tr","p":{"a":0,"k":[522.302,1171.95],"ix":2},"a":{"a":0,"k":[0,0],"ix":1},"s":{"a":0,"k":[100,100],"ix":3},"r":{"a":0,"k":0,"ix":6},"o":{"a":0,"k":100,"ix":7},"sk":{"a":0,"k":0,"ix":4},"sa":{"a":0,"k":0,"ix":5},"nm":"Transform"}],"nm":"Group 2","np":2,"cix":2,"ix":2,"mn":"ADBE Vector Group","hd":false},{"ty":"gr","it":[{"ind":0,"ty":"sh","ix":1,"ks":{"a":0,"k":{"i":[[-1.934,-1.918],[0,0],[-1.936,1.914],[0,0],[1.935,1.914],[1.931,-1.912],[0,0]],"o":[[0,0],[1.933,1.91],[0,0],[1.935,-1.914],[-1.931,-1.916],[0,0],[-1.934,1.914]],"v":[[-70.964,70.277],[-70.964,70.277],[-63.963,70.277],[70.964,-63.341],[70.964,-70.276],[63.965,-70.28],[-70.964,63.339]],"c":true},"ix":2},"nm":"Path 1","mn":"ADBE Vector Shape - Group","hd":false},{"ty":"fl","c":{"a":0,"k":[0.9411764705882353,0.13333333333333333,0.13333333333333333,1],"ix":4},"o":{"a":0,"k":100,"ix":5},"r":1,"nm":"Fill 1","mn":"ADBE Vector Graphic - Fill","hd":false},{"ty":"tr","p":{"a":0,"k":[503.105,1156.278],"ix":2},"a":{"a":0,"k":[0,0],"ix":1},"s":{"a":0,"k":[100,100],"ix":3},"r":{"a":0,"k":0,"ix":6},"o":{"a":0,"k":100,"ix":7},"sk":{"a":0,"k":0,"ix":4},"sa":{"a":0,"k":0,"ix":5},"nm":"Transform"}],"nm":"Group 3","np":2,"cix":2,"ix":3,"mn":"ADBE Vector Group","hd":false},{"ty":"gr","it":[{"ind":0,"ty":"sh","ix":1,"ks":{"a":0,"k":{"i":[[-1.933,-1.918],[0,0],[-1.935,1.911],[0,0],[1.933,1.914],[0,0],[1.936,-1.914],[0,0]],"o":[[0,0],[1.935,1.915],[0,0],[1.934,-1.914],[0,0],[-1.933,-1.914],[0,0],[-1.933,1.915]],"v":[[-80.331,79.547],[-80.329,79.549],[-73.327,79.553],[80.327,-72.608],[80.331,-79.543],[80.327,-79.547],[73.326,-79.55],[-80.329,72.611]],"c":true},"ix":2},"nm":"Path 1","mn":"ADBE Vector Shape - Group","hd":false},{"ty":"fl","c":{"a":0,"k":[0.9411764705882353,0.13333333333333333,0.13333333333333333,1],"ix":4},"o":{"a":0,"k":100,"ix":5},"r":1,"nm":"Fill 1","mn":"ADBE Vector Graphic - Fill","hd":false},{"ty":"tr","p":{"a":0,"k":[483.215,1141.264],"ix":2},"a":{"a":0,"k":[0,0],"ix":1},"s":{"a":0,"k":[100,100],"ix":3},"r":{"a":0,"k":0,"ix":6},"o":{"a":0,"k":100,"ix":7},"sk":{"a":0,"k":0,"ix":4},"sa":{"a":0,"k":0,"ix":5},"nm":"Transform"}],"nm":"Group 4","np":2,"cix":2,"ix":4,"mn":"ADBE Vector Group","hd":false},{"ty":"gr","it":[{"ind":0,"ty":"sh","ix":1,"ks":{"a":0,"k":{"i":[[-1.932,-1.915],[0,0],[-1.936,1.914],[0,0],[1.935,1.917],[0,0],[1.935,-1.915],[0,0]],"o":[[0,0],[1.932,1.915],[0,0],[1.933,-1.916],[0,0],[-1.935,-1.914],[0,0],[-1.936,1.913]],"v":[[-86.809,85.96],[-86.805,85.964],[-79.803,85.966],[86.806,-79.023],[86.806,-85.959],[86.806,-85.964],[79.804,-85.965],[-86.805,79.026]],"c":true},"ix":2},"nm":"Path 1","mn":"ADBE Vector Shape - Group","hd":false},{"ty":"fl","c":{"a":0,"k":[0.9411764705882353,0.13333333333333333,0.13333333333333333,1],"ix":4},"o":{"a":0,"k":100,"ix":5},"r":1,"nm":"Fill 1","mn":"ADBE Vector Graphic - Fill","hd":false},{"ty":"tr","p":{"a":0,"k":[462.99,1126.584],"ix":2},"a":{"a":0,"k":[0,0],"ix":1},"s":{"a":0,"k":[100,100],"ix":3},"r":{"a":0,"k":0,"ix":6},"o":{"a":0,"k":100,"ix":7},"sk":{"a":0,"k":0,"ix":4},"sa":{"a":0,"k":0,"ix":5},"nm":"Transform"}],"nm":"Group 5","np":2,"cix":2,"ix":5,"mn":"ADBE Vector Group","hd":false},{"ty":"gr","it":[{"ind":0,"ty":"sh","ix":1,"ks":{"a":0,"k":{"i":[[-1.931,-1.917],[0,0],[-1.933,1.915],[0,0],[1.933,1.916],[0,0],[1.935,-1.916],[0,0]],"o":[[0,0],[1.932,1.919],[0,0],[1.933,-1.915],[0,0],[-1.932,-1.919],[0,0],[-1.934,1.914]],"v":[[-91.205,90.315],[-91.202,90.315],[-84.203,90.319],[91.203,-83.377],[91.203,-90.314],[91.2,-90.315],[84.201,-90.319],[-91.202,83.38]],"c":true},"ix":2},"nm":"Path 1","mn":"ADBE Vector Shape - Group","hd":false},{"ty":"fl","c":{"a":0,"k":[0.9411764705882353,0.13333333333333333,0.13333333333333333,1],"ix":4},"o":{"a":0,"k":100,"ix":5},"r":1,"nm":"Fill 1","mn":"ADBE Vector Graphic - Fill","hd":false},{"ty":"tr","p":{"a":0,"k":[442.593,1112.099],"ix":2},"a":{"a":0,"k":[0,0],"ix":1},"s":{"a":0,"k":[100,100],"ix":3},"r":{"a":0,"k":0,"ix":6},"o":{"a":0,"k":100,"ix":7},"sk":{"a":0,"k":0,"ix":4},"sa":{"a":0,"k":0,"ix":5},"nm":"Transform"}],"nm":"Group 6","np":2,"cix":2,"ix":6,"mn":"ADBE Vector Group","hd":false},{"ty":"gr","it":[{"ind":0,"ty":"sh","ix":1,"ks":{"a":0,"k":{"i":[[-1.934,-1.918],[0,0],[-1.931,1.915],[0,0],[1.933,1.916],[1.932,-1.915],[0,0]],"o":[[0,0],[1.933,1.915],[0,0],[1.933,-1.914],[-1.933,-1.914],[0,0],[-1.933,1.914]],"v":[[-95.029,94.108],[-95.029,94.108],[-88.03,94.108],[95.031,-87.169],[95.031,-94.106],[88.03,-94.107],[-95.029,87.173]],"c":true},"ix":2},"nm":"Path 1","mn":"ADBE Vector Shape - Group","hd":false},{"ty":"fl","c":{"a":0,"k":[0.9411764705882353,0.13333333333333333,0.13333333333333333,1],"ix":4},"o":{"a":0,"k":100,"ix":5},"r":1,"nm":"Fill 1","mn":"ADBE Vector Graphic - Fill","hd":false},{"ty":"tr","p":{"a":0,"k":[423.111,1096.707],"ix":2},"a":{"a":0,"k":[0,0],"ix":1},"s":{"a":0,"k":[100,100],"ix":3},"r":{"a":0,"k":0,"ix":6},"o":{"a":0,"k":100,"ix":7},"sk":{"a":0,"k":0,"ix":4},"sa":{"a":0,"k":0,"ix":5},"nm":"Transform"}],"nm":"Group 7","np":2,"cix":2,"ix":7,"mn":"ADBE Vector Group","hd":false},{"ty":"gr","it":[{"ind":0,"ty":"sh","ix":1,"ks":{"a":0,"k":{"i":[[-1.934,-1.915],[0,0],[-1.934,1.914],[0,0],[1.933,1.917],[0,0],[1.933,-1.913],[0,0]],"o":[[0,0],[1.935,1.917],[0,0],[1.933,-1.915],[0,0],[-1.932,-1.914],[0,0],[-1.934,1.915]],"v":[[-99.327,98.359],[-99.327,98.362],[-92.326,98.365],[99.329,-91.424],[99.329,-98.361],[99.326,-98.365],[92.326,-98.366],[-99.327,91.422]],"c":true},"ix":2},"nm":"Path 1","mn":"ADBE Vector Shape - Group","hd":false},{"ty":"fl","c":{"a":0,"k":[0.9411764705882353,0.13333333333333333,0.13333333333333333,1],"ix":4},"o":{"a":0,"k":100,"ix":5},"r":1,"nm":"Fill 1","mn":"ADBE Vector Graphic - Fill","hd":false},{"ty":"tr","p":{"a":0,"k":[405.387,1079.576],"ix":2},"a":{"a":0,"k":[0,0],"ix":1},"s":{"a":0,"k":[100,100],"ix":3},"r":{"a":0,"k":0,"ix":6},"o":{"a":0,"k":100,"ix":7},"sk":{"a":0,"k":0,"ix":4},"sa":{"a":0,"k":0,"ix":5},"nm":"Transform"}],"nm":"Group 8","np":2,"cix":2,"ix":8,"mn":"ADBE Vector Group","hd":false},{"ty":"gr","it":[{"ind":0,"ty":"sh","ix":1,"ks":{"a":0,"k":{"i":[[-1.933,-1.918],[0,0],[-1.931,1.915],[0,0],[1.93,1.914],[0,0],[1.932,-1.914],[0,0]],"o":[[0,0],[1.932,1.917],[0,0],[1.933,-1.914],[0,0],[-1.933,-1.914],[0,0],[-1.933,1.915]],"v":[[-104.107,103.094],[-104.107,103.094],[-97.108,103.097],[104.107,-96.161],[104.11,-103.094],[104.107,-103.097],[97.108,-103.097],[-104.107,96.157]],"c":true},"ix":2},"nm":"Path 1","mn":"ADBE Vector Shape - Group","hd":false},{"ty":"fl","c":{"a":0,"k":[0.9411764705882353,0.13333333333333333,0.13333333333333333,1],"ix":4},"o":{"a":0,"k":100,"ix":5},"r":1,"nm":"Fill 1","mn":"ADBE Vector Graphic - Fill","hd":false},{"ty":"tr","p":{"a":0,"k":[389.237,1060.886],"ix":2},"a":{"a":0,"k":[0,0],"ix":1},"s":{"a":0,"k":[100,100],"ix":3},"r":{"a":0,"k":0,"ix":6},"o":{"a":0,"k":100,"ix":7},"sk":{"a":0,"k":0,"ix":4},"sa":{"a":0,"k":0,"ix":5},"nm":"Transform"}],"nm":"Group 9","np":2,"cix":2,"ix":9,"mn":"ADBE Vector Group","hd":false},{"ty":"gr","it":[{"ind":0,"ty":"sh","ix":1,"ks":{"a":0,"k":{"i":[[-1.933,-1.918],[0,0],[-1.936,1.914],[0,0],[1.935,1.918],[0,0],[1.932,-1.914],[0,0]],"o":[[0,0],[1.933,1.914],[0,0],[1.932,-1.912],[0,0],[-1.932,-1.917],[0,0],[-1.931,1.916]],"v":[[-109.386,108.32],[-109.384,108.323],[-102.38,108.323],[109.385,-101.383],[109.385,-108.32],[109.381,-108.32],[102.383,-108.323],[-109.384,101.383]],"c":true},"ix":2},"nm":"Path 1","mn":"ADBE Vector Shape - Group","hd":false},{"ty":"fl","c":{"a":0,"k":[0.9411764705882353,0.13333333333333333,0.13333333333333333,1],"ix":4},"o":{"a":0,"k":100,"ix":5},"r":1,"nm":"Fill 1","mn":"ADBE Vector Graphic - Fill","hd":false},{"ty":"tr","p":{"a":0,"k":[374.574,1040.721],"ix":2},"a":{"a":0,"k":[0,0],"ix":1},"s":{"a":0,"k":[100,100],"ix":3},"r":{"a":0,"k":0,"ix":6},"o":{"a":0,"k":100,"ix":7},"sk":{"a":0,"k":0,"ix":4},"sa":{"a":0,"k":0,"ix":5},"nm":"Transform"}],"nm":"Group 10","np":2,"cix":2,"ix":10,"mn":"ADBE Vector Group","hd":false},{"ty":"gr","it":[{"ind":0,"ty":"sh","ix":1,"ks":{"a":0,"k":{"i":[[-1.932,-1.917],[0,0],[-1.935,1.916],[0,0],[1.932,1.914],[0,0],[1.933,-1.914],[0,0]],"o":[[0,0],[1.931,1.916],[0,0],[1.936,-1.915],[0,0],[-1.931,-1.917],[0,0],[-1.932,1.914]],"v":[[-115.168,114.048],[-115.168,114.048],[-108.167,114.048],[115.164,-107.107],[115.168,-114.043],[115.164,-114.047],[108.166,-114.05],[-115.168,107.111]],"c":true},"ix":2},"nm":"Path 1","mn":"ADBE Vector Shape - Group","hd":false},{"ty":"fl","c":{"a":0,"k":[0.9411764705882353,0.13333333333333333,0.13333333333333333,1],"ix":4},"o":{"a":0,"k":100,"ix":5},"r":1,"nm":"Fill 1","mn":"ADBE Vector Graphic - Fill","hd":false},{"ty":"tr","p":{"a":0,"k":[361.31,1019.17],"ix":2},"a":{"a":0,"k":[0,0],"ix":1},"s":{"a":0,"k":[100,100],"ix":3},"r":{"a":0,"k":0,"ix":6},"o":{"a":0,"k":100,"ix":7},"sk":{"a":0,"k":0,"ix":4},"sa":{"a":0,"k":0,"ix":5},"nm":"Transform"}],"nm":"Group 11","np":2,"cix":2,"ix":11,"mn":"ADBE Vector Group","hd":false},{"ty":"gr","it":[{"ind":0,"ty":"sh","ix":1,"ks":{"a":0,"k":{"i":[[-1.936,-1.914],[0,0],[-1.933,1.915],[0,0],[1.935,1.914],[0,0],[1.932,-1.916],[0,0]],"o":[[0,0],[1.932,1.915],[0,0],[1.932,-1.918],[0,0],[-1.932,-1.916],[0,0],[-1.936,1.918]],"v":[[-121.47,120.286],[-121.47,120.29],[-114.47,120.29],[121.471,-113.35],[121.471,-120.286],[121.471,-120.289],[114.472,-120.289],[-121.47,113.351]],"c":true},"ix":2},"nm":"Path 1","mn":"ADBE Vector Shape - Group","hd":false},{"ty":"fl","c":{"a":0,"k":[0.9411764705882353,0.13333333333333333,0.13333333333333333,1],"ix":4},"o":{"a":0,"k":100,"ix":5},"r":1,"nm":"Fill 1","mn":"ADBE Vector Graphic - Fill","hd":false},{"ty":"tr","p":{"a":0,"k":[349.457,996.226],"ix":2},"a":{"a":0,"k":[0,0],"ix":1},"s":{"a":0,"k":[100,100],"ix":3},"r":{"a":0,"k":0,"ix":6},"o":{"a":0,"k":100,"ix":7},"sk":{"a":0,"k":0,"ix":4},"sa":{"a":0,"k":0,"ix":5},"nm":"Transform"}],"nm":"Group 12","np":2,"cix":2,"ix":12,"mn":"ADBE Vector Group","hd":false},{"ty":"gr","it":[{"ind":0,"ty":"sh","ix":1,"ks":{"a":0,"k":{"i":[[-1.933,-1.917],[0,0],[-1.936,1.914],[0,0],[1.93,1.919],[0,0],[1.935,-1.918],[0,0]],"o":[[0,0],[1.934,1.918],[0,0],[1.933,-1.911],[0,0],[-1.933,-1.916],[0,0],[-1.933,1.913]],"v":[[-128.419,127.171],[-128.419,127.171],[-121.417,127.176],[128.42,-120.233],[128.422,-127.17],[128.42,-127.17],[121.417,-127.172],[-128.419,120.235]],"c":true},"ix":2},"nm":"Path 1","mn":"ADBE Vector Shape - Group","hd":false},{"ty":"fl","c":{"a":0,"k":[0.9411764705882353,0.13333333333333333,0.13333333333333333,1],"ix":4},"o":{"a":0,"k":100,"ix":5},"r":1,"nm":"Fill 1","mn":"ADBE Vector Graphic - Fill","hd":false},{"ty":"tr","p":{"a":0,"k":[338.992,971.903],"ix":2},"a":{"a":0,"k":[0,0],"ix":1},"s":{"a":0,"k":[100,100],"ix":3},"r":{"a":0,"k":0,"ix":6},"o":{"a":0,"k":100,"ix":7},"sk":{"a":0,"k":0,"ix":4},"sa":{"a":0,"k":0,"ix":5},"nm":"Transform"}],"nm":"Group 13","np":2,"cix":2,"ix":13,"mn":"ADBE Vector Group","hd":false},{"ty":"gr","it":[{"ind":0,"ty":"sh","ix":1,"ks":{"a":0,"k":{"i":[[-1.933,-1.915],[0,0],[-1.933,1.915],[0,0],[1.932,1.914],[0,0],[1.932,-1.915],[0,0]],"o":[[0,0],[1.933,1.918],[0,0],[1.936,-1.912],[0,0],[-1.931,-1.917],[0,0],[-1.936,1.916]],"v":[[-136.099,134.771],[-136.096,134.774],[-129.097,134.777],[136.096,-127.838],[136.101,-134.771],[136.096,-134.775],[129.099,-134.777],[-136.096,127.834]],"c":true},"ix":2},"nm":"Path 1","mn":"ADBE Vector Shape - Group","hd":false},{"ty":"fl","c":{"a":0,"k":[0.9411764705882353,0.13333333333333333,0.13333333333333333,1],"ix":4},"o":{"a":0,"k":100,"ix":5},"r":1,"nm":"Fill 1","mn":"ADBE Vector Graphic - Fill","hd":false},{"ty":"tr","p":{"a":0,"k":[330,946.076],"ix":2},"a":{"a":0,"k":[0,0],"ix":1},"s":{"a":0,"k":[100,100],"ix":3},"r":{"a":0,"k":0,"ix":6},"o":{"a":0,"k":100,"ix":7},"sk":{"a":0,"k":0,"ix":4},"sa":{"a":0,"k":0,"ix":5},"nm":"Transform"}],"nm":"Group 14","np":2,"cix":2,"ix":14,"mn":"ADBE Vector Group","hd":false},{"ty":"gr","it":[{"ind":0,"ty":"sh","ix":1,"ks":{"a":0,"k":{"i":[[-1.933,-1.918],[0,0],[-1.933,1.911],[0,0],[1.932,1.916],[0,0],[1.935,-1.916],[0,0]],"o":[[0,0],[1.931,1.914],[0,0],[1.932,-1.911],[0,0],[-1.933,-1.919],[0,0],[-1.933,1.916]],"v":[[-144.694,143.288],[-144.694,143.288],[-137.695,143.292],[144.692,-136.349],[144.695,-143.283],[144.692,-143.283],[137.69,-143.286],[-144.694,136.352]],"c":true},"ix":2},"nm":"Path 1","mn":"ADBE Vector Shape - Group","hd":false},{"ty":"fl","c":{"a":0,"k":[0.9411764705882353,0.13333333333333333,0.13333333333333333,1],"ix":4},"o":{"a":0,"k":100,"ix":5},"r":1,"nm":"Fill 1","mn":"ADBE Vector Graphic - Fill","hd":false},{"ty":"tr","p":{"a":0,"k":[322.67,918.652],"ix":2},"a":{"a":0,"k":[0,0],"ix":1},"s":{"a":0,"k":[100,100],"ix":3},"r":{"a":0,"k":0,"ix":6},"o":{"a":0,"k":100,"ix":7},"sk":{"a":0,"k":0,"ix":4},"sa":{"a":0,"k":0,"ix":5},"nm":"Transform"}],"nm":"Group 15","np":2,"cix":2,"ix":15,"mn":"ADBE Vector Group","hd":false},{"ty":"gr","it":[{"ind":0,"ty":"sh","ix":1,"ks":{"a":0,"k":{"i":[[-1.931,-1.917],[0,0],[-1.932,1.912],[0,0],[1.932,1.918],[1.935,-1.918],[0,0]],"o":[[0,0],[1.933,1.918],[0,0],[1.936,-1.916],[-1.932,-1.917],[0,0],[-1.934,1.914]],"v":[[-154.517,153],[-154.514,153],[-147.514,153.006],[154.512,-146.061],[154.516,-152.997],[147.513,-153],[-154.514,146.065]],"c":true},"ix":2},"nm":"Path 1","mn":"ADBE Vector Shape - Group","hd":false},{"ty":"fl","c":{"a":0,"k":[0.9411764705882353,0.13333333333333333,0.13333333333333333,1],"ix":4},"o":{"a":0,"k":100,"ix":5},"r":1,"nm":"Fill 1","mn":"ADBE Vector Graphic - Fill","hd":false},{"ty":"tr","p":{"a":0,"k":[317.231,889.339],"ix":2},"a":{"a":0,"k":[0,0],"ix":1},"s":{"a":0,"k":[100,100],"ix":3},"r":{"a":0,"k":0,"ix":6},"o":{"a":0,"k":100,"ix":7},"sk":{"a":0,"k":0,"ix":4},"sa":{"a":0,"k":0,"ix":5},"nm":"Transform"}],"nm":"Group 16","np":2,"cix":2,"ix":16,"mn":"ADBE Vector Group","hd":false},{"ty":"gr","it":[{"ind":0,"ty":"sh","ix":1,"ks":{"a":0,"k":{"i":[[-1.934,-1.918],[0,0],[-1.932,1.917],[0,0],[1.933,1.918],[1.936,-1.916],[0,0]],"o":[[0,0],[1.933,1.914],[0,0],[1.935,-1.918],[-1.934,-1.919],[0,0],[-1.932,1.916]],"v":[[-166.206,164.592],[-166.206,164.592],[-159.206,164.592],[166.205,-157.651],[166.207,-164.591],[159.205,-164.594],[-166.206,157.653]],"c":true},"ix":2},"nm":"Path 1","mn":"ADBE Vector Shape - Group","hd":false},{"ty":"fl","c":{"a":0,"k":[0.9411764705882353,0.13333333333333333,0.13333333333333333,1],"ix":4},"o":{"a":0,"k":100,"ix":5},"r":1,"nm":"Fill 1","mn":"ADBE Vector Graphic - Fill","hd":false},{"ty":"tr","p":{"a":0,"k":[314.358,857.516],"ix":2},"a":{"a":0,"k":[0,0],"ix":1},"s":{"a":0,"k":[100,100],"ix":3},"r":{"a":0,"k":0,"ix":6},"o":{"a":0,"k":100,"ix":7},"sk":{"a":0,"k":0,"ix":4},"sa":{"a":0,"k":0,"ix":5},"nm":"Transform"}],"nm":"Group 17","np":2,"cix":2,"ix":17,"mn":"ADBE Vector Group","hd":false},{"ty":"gr","it":[{"ind":0,"ty":"sh","ix":1,"ks":{"a":0,"k":{"i":[[-1.935,-1.919],[0,0],[-1.931,1.912],[0,0],[1.936,1.916],[1.935,-1.914],[0,0]],"o":[[0,0],[1.933,1.914],[0,0],[1.936,-1.914],[-1.932,-1.914],[0,0],[-1.935,1.918]],"v":[[-181.326,179.565],[-181.326,179.565],[-174.328,179.568],[181.326,-172.63],[181.326,-179.565],[174.326,-179.565],[-181.326,172.627]],"c":true},"ix":2},"nm":"Path 1","mn":"ADBE Vector Shape - Group","hd":false},{"ty":"fl","c":{"a":0,"k":[0.9411764705882353,0.13333333333333333,0.13333333333333333,1],"ix":4},"o":{"a":0,"k":100,"ix":5},"r":1,"nm":"Fill 1","mn":"ADBE Vector Graphic - Fill","hd":false},{"ty":"tr","p":{"a":0,"k":[315.535,821.666],"ix":2},"a":{"a":0,"k":[0,0],"ix":1},"s":{"a":0,"k":[100,100],"ix":3},"r":{"a":0,"k":0,"ix":6},"o":{"a":0,"k":100,"ix":7},"sk":{"a":0,"k":0,"ix":4},"sa":{"a":0,"k":0,"ix":5},"nm":"Transform"}],"nm":"Group 18","np":2,"cix":2,"ix":18,"mn":"ADBE Vector Group","hd":false},{"ty":"gr","it":[{"ind":0,"ty":"sh","ix":1,"ks":{"a":0,"k":{"i":[[-1.931,-1.915],[0,0],[-1.932,1.916],[0,0],[1.935,1.917],[0,0],[1.932,-1.914],[0,0]],"o":[[0,0],[1.931,1.916],[0,0],[1.933,-1.915],[0,0],[-1.931,-1.916],[0,0],[-1.935,1.917]],"v":[[-209.952,207.906],[-209.948,207.909],[-202.949,207.909],[209.948,-200.971],[209.948,-207.907],[209.948,-207.908],[202.949,-207.91],[-209.948,200.971]],"c":true},"ix":2},"nm":"Path 1","mn":"ADBE Vector Shape - Group","hd":false},{"ty":"fl","c":{"a":0,"k":[0.9411764705882353,0.13333333333333333,0.13333333333333333,1],"ix":4},"o":{"a":0,"k":100,"ix":5},"r":1,"nm":"Fill 1","mn":"ADBE Vector Graphic - Fill","hd":false},{"ty":"tr","p":{"a":0,"k":[330.855,771.811],"ix":2},"a":{"a":0,"k":[0,0],"ix":1},"s":{"a":0,"k":[100,100],"ix":3},"r":{"a":0,"k":0,"ix":6},"o":{"a":0,"k":100,"ix":7},"sk":{"a":0,"k":0,"ix":4},"sa":{"a":0,"k":0,"ix":5},"nm":"Transform"}],"nm":"Group 19","np":2,"cix":2,"ix":19,"mn":"ADBE Vector Group","hd":false},{"ty":"gr","it":[{"ind":0,"ty":"sh","ix":1,"ks":{"a":0,"k":{"i":[[-1.934,-1.918],[0,0],[-1.936,1.914],[0,0],[1.932,1.916],[0,0],[1.932,-1.914],[0,0]],"o":[[0,0],[1.933,1.914],[0,0],[1.935,-1.917],[0,0],[-1.933,-1.916],[0,0],[-1.934,1.917]],"v":[[-263.675,261.113],[-263.675,261.113],[-256.675,261.113],[263.674,-254.172],[263.677,-261.11],[263.674,-261.11],[256.674,-261.113],[-263.675,254.175]],"c":true},"ix":2},"nm":"Path 1","mn":"ADBE Vector Shape - Group","hd":false},{"ty":"fl","c":{"a":0,"k":[0.9411764705882353,0.13333333333333333,0.13333333333333333,1],"ix":4},"o":{"a":0,"k":100,"ix":5},"r":1,"nm":"Fill 1","mn":"ADBE Vector Graphic - Fill","hd":false},{"ty":"tr","p":{"a":0,"k":[371.924,696.458],"ix":2},"a":{"a":0,"k":[0,0],"ix":1},"s":{"a":0,"k":[100,100],"ix":3},"r":{"a":0,"k":0,"ix":6},"o":{"a":0,"k":100,"ix":7},"sk":{"a":0,"k":0,"ix":4},"sa":{"a":0,"k":0,"ix":5},"nm":"Transform"}],"nm":"Group 20","np":2,"cix":2,"ix":20,"mn":"ADBE Vector Group","hd":false},{"ty":"gr","it":[{"ind":0,"ty":"sh","ix":1,"ks":{"a":0,"k":{"i":[[-1.932,-1.918],[0,0],[-1.934,1.918],[0,0],[1.933,1.914],[0,0],[1.936,-1.914],[0,0]],"o":[[0,0],[1.932,1.914],[0,0],[1.935,-1.915],[0,0],[-1.932,-1.915],[0,0],[-1.935,1.916]],"v":[[-287.332,284.533],[-287.329,284.533],[-280.33,284.533],[287.329,-277.599],[287.331,-284.534],[287.329,-284.537],[280.329,-284.538],[-287.329,277.596]],"c":true},"ix":2},"nm":"Path 1","mn":"ADBE Vector Shape - Group","hd":false},{"ty":"fl","c":{"a":0,"k":[0.9411764705882353,0.13333333333333333,0.13333333333333333,1],"ix":4},"o":{"a":0,"k":100,"ix":5},"r":1,"nm":"Fill 1","mn":"ADBE Vector Graphic - Fill","hd":false},{"ty":"tr","p":{"a":0,"k":[383.492,650.321],"ix":2},"a":{"a":0,"k":[0,0],"ix":1},"s":{"a":0,"k":[100,100],"ix":3},"r":{"a":0,"k":0,"ix":6},"o":{"a":0,"k":100,"ix":7},"sk":{"a":0,"k":0,"ix":4},"sa":{"a":0,"k":0,"ix":5},"nm":"Transform"}],"nm":"Group 21","np":2,"cix":2,"ix":21,"mn":"ADBE Vector Group","hd":false},{"ty":"gr","it":[{"ind":0,"ty":"sh","ix":1,"ks":{"a":0,"k":{"i":[[-1.932,-1.917],[0,0],[-1.936,1.916],[0,0],[1.935,1.916],[0,0],[1.935,-1.915],[0,0]],"o":[[0,0],[1.936,1.918],[0,0],[1.935,-1.915],[0,0],[-1.932,-1.916],[0,0],[-1.932,1.916]],"v":[[-301.402,298.468],[-301.402,298.468],[-294.399,298.47],[301.399,-291.531],[301.399,-298.468],[301.399,-298.469],[294.396,-298.471],[-301.402,291.531]],"c":true},"ix":2},"nm":"Path 1","mn":"ADBE Vector Shape - Group","hd":false},{"ty":"fl","c":{"a":0,"k":[0.9411764705882353,0.13333333333333333,0.13333333333333333,1],"ix":4},"o":{"a":0,"k":100,"ix":5},"r":1,"nm":"Fill 1","mn":"ADBE Vector Graphic - Fill","hd":false},{"ty":"tr","p":{"a":0,"k":[386.093,613.06],"ix":2},"a":{"a":0,"k":[0,0],"ix":1},"s":{"a":0,"k":[100,100],"ix":3},"r":{"a":0,"k":0,"ix":6},"o":{"a":0,"k":100,"ix":7},"sk":{"a":0,"k":0,"ix":4},"sa":{"a":0,"k":0,"ix":5},"nm":"Transform"}],"nm":"Group 22","np":2,"cix":2,"ix":22,"mn":"ADBE Vector Group","hd":false},{"ty":"gr","it":[{"ind":0,"ty":"sh","ix":1,"ks":{"a":0,"k":{"i":[[-1.931,-1.914],[0,0],[-1.935,1.917],[0,0],[1.932,1.916],[0,0],[1.933,-1.915],[0,0]],"o":[[0,0],[1.933,1.917],[0,0],[1.936,-1.915],[0,0],[-1.933,-1.916],[0,0],[-1.933,1.915]],"v":[[-310.344,307.32],[-310.342,307.325],[-303.342,307.325],[310.339,-300.386],[310.343,-307.322],[310.339,-307.325],[303.34,-307.326],[-310.342,300.388]],"c":true},"ix":2},"nm":"Path 1","mn":"ADBE Vector Shape - Group","hd":false},{"ty":"fl","c":{"a":0,"k":[0.9411764705882353,0.13333333333333333,0.13333333333333333,1],"ix":4},"o":{"a":0,"k":100,"ix":5},"r":1,"nm":"Fill 1","mn":"ADBE Vector Graphic - Fill","hd":false},{"ty":"tr","p":{"a":0,"k":[384.16,580.264],"ix":2},"a":{"a":0,"k":[0,0],"ix":1},"s":{"a":0,"k":[100,100],"ix":3},"r":{"a":0,"k":0,"ix":6},"o":{"a":0,"k":100,"ix":7},"sk":{"a":0,"k":0,"ix":4},"sa":{"a":0,"k":0,"ix":5},"nm":"Transform"}],"nm":"Group 23","np":2,"cix":2,"ix":23,"mn":"ADBE Vector Group","hd":false},{"ty":"gr","it":[{"ind":0,"ty":"sh","ix":1,"ks":{"a":0,"k":{"i":[[-1.932,-1.914],[0,0],[-1.933,1.915],[0,0],[1.933,1.915],[0,0],[1.933,-1.914],[0,0]],"o":[[0,0],[1.932,1.915],[0,0],[1.936,-1.914],[0,0],[-1.931,-1.916],[0,0],[-1.935,1.913]],"v":[[-315.879,312.805],[-315.876,312.805],[-308.876,312.805],[315.876,-305.867],[315.879,-312.804],[315.876,-312.805],[308.876,-312.806],[-315.876,305.87]],"c":true},"ix":2},"nm":"Path 1","mn":"ADBE Vector Shape - Group","hd":false},{"ty":"fl","c":{"a":0,"k":[0.9411764705882353,0.13333333333333333,0.13333333333333333,1],"ix":4},"o":{"a":0,"k":100,"ix":5},"r":1,"nm":"Fill 1","mn":"ADBE Vector Graphic - Fill","hd":false},{"ty":"tr","p":{"a":0,"k":[379.416,550.255],"ix":2},"a":{"a":0,"k":[0,0],"ix":1},"s":{"a":0,"k":[100,100],"ix":3},"r":{"a":0,"k":0,"ix":6},"o":{"a":0,"k":100,"ix":7},"sk":{"a":0,"k":0,"ix":4},"sa":{"a":0,"k":0,"ix":5},"nm":"Transform"}],"nm":"Group 24","np":2,"cix":2,"ix":24,"mn":"ADBE Vector Group","hd":false},{"ty":"gr","it":[{"ind":0,"ty":"sh","ix":1,"ks":{"a":0,"k":{"i":[[-1.935,-1.915],[0,0],[-1.934,1.914],[0,0],[1.936,1.914],[0,0],[1.933,-1.915],[0,0]],"o":[[0,0],[1.932,1.914],[0,0],[1.936,-1.915],[0,0],[-1.932,-1.916],[0,0],[-1.935,1.916]],"v":[[-318.912,315.808],[-318.912,315.811],[-311.911,315.814],[318.911,-308.874],[318.911,-315.81],[318.911,-315.812],[311.911,-315.813],[-318.912,308.872]],"c":true},"ix":2},"nm":"Path 1","mn":"ADBE Vector Shape - Group","hd":false},{"ty":"fl","c":{"a":0,"k":[0.9411764705882353,0.13333333333333333,0.13333333333333333,1],"ix":4},"o":{"a":0,"k":100,"ix":5},"r":1,"nm":"Fill 1","mn":"ADBE Vector Graphic - Fill","hd":false},{"ty":"tr","p":{"a":0,"k":[372.717,522.205],"ix":2},"a":{"a":0,"k":[0,0],"ix":1},"s":{"a":0,"k":[100,100],"ix":3},"r":{"a":0,"k":0,"ix":6},"o":{"a":0,"k":100,"ix":7},"sk":{"a":0,"k":0,"ix":4},"sa":{"a":0,"k":0,"ix":5},"nm":"Transform"}],"nm":"Group 25","np":2,"cix":2,"ix":25,"mn":"ADBE Vector Group","hd":false},{"ty":"gr","it":[{"ind":0,"ty":"sh","ix":1,"ks":{"a":0,"k":{"i":[[-1.932,-1.918],[0,0],[-1.932,1.915],[0,0],[1.937,1.915],[0,0],[1.936,-1.915],[0,0]],"o":[[0,0],[1.932,1.915],[0,0],[1.933,-1.915],[0,0],[-1.931,-1.917],[0,0],[-1.935,1.917]],"v":[[-319.943,316.83],[-319.94,316.83],[-312.941,316.83],[319.939,-309.891],[319.939,-316.827],[319.939,-316.828],[312.936,-316.83],[-319.94,309.892]],"c":true},"ix":2},"nm":"Path 1","mn":"ADBE Vector Shape - Group","hd":false},{"ty":"fl","c":{"a":0,"k":[0.9411764705882353,0.13333333333333333,0.13333333333333333,1],"ix":4},"o":{"a":0,"k":100,"ix":5},"r":1,"nm":"Fill 1","mn":"ADBE Vector Graphic - Fill","hd":false},{"ty":"tr","p":{"a":0,"k":[364.654,495.505],"ix":2},"a":{"a":0,"k":[0,0],"ix":1},"s":{"a":0,"k":[100,100],"ix":3},"r":{"a":0,"k":0,"ix":6},"o":{"a":0,"k":100,"ix":7},"sk":{"a":0,"k":0,"ix":4},"sa":{"a":0,"k":0,"ix":5},"nm":"Transform"}],"nm":"Group 26","np":2,"cix":2,"ix":26,"mn":"ADBE Vector Group","hd":false},{"ty":"gr","it":[{"ind":0,"ty":"sh","ix":1,"ks":{"a":0,"k":{"i":[[-1.933,-1.916],[0,0],[-1.935,1.916],[0,0],[1.936,1.916],[0,0],[1.933,-1.914],[0,0]],"o":[[0,0],[1.935,1.918],[0,0],[1.932,-1.915],[0,0],[-1.932,-1.916],[0,0],[-1.935,1.916]],"v":[[-319.31,316.203],[-319.31,316.203],[-312.309,316.205],[319.307,-309.268],[319.307,-316.204],[319.307,-316.205],[312.309,-316.207],[-319.309,309.266]],"c":true},"ix":2},"nm":"Path 1","mn":"ADBE Vector Shape - Group","hd":false},{"ty":"fl","c":{"a":0,"k":[0.9411764705882353,0.13333333333333333,0.13333333333333333,1],"ix":4},"o":{"a":0,"k":100,"ix":5},"r":1,"nm":"Fill 1","mn":"ADBE Vector Graphic - Fill","hd":false},{"ty":"tr","p":{"a":0,"k":[355.576,469.812],"ix":2},"a":{"a":0,"k":[0,0],"ix":1},"s":{"a":0,"k":[100,100],"ix":3},"r":{"a":0,"k":0,"ix":6},"o":{"a":0,"k":100,"ix":7},"sk":{"a":0,"k":0,"ix":4},"sa":{"a":0,"k":0,"ix":5},"nm":"Transform"}],"nm":"Group 27","np":2,"cix":2,"ix":27,"mn":"ADBE Vector Group","hd":false},{"ty":"gr","it":[{"ind":0,"ty":"sh","ix":1,"ks":{"a":0,"k":{"i":[[-1.935,-1.917],[0,0],[-1.936,1.915],[0,0],[1.932,1.916],[0,0],[1.934,-1.915],[0,0]],"o":[[0,0],[1.933,1.915],[0,0],[1.934,-1.915],[0,0],[-1.933,-1.916],[0,0],[-1.935,1.916]],"v":[[-317.214,314.132],[-317.214,314.132],[-310.214,314.132],[317.215,-307.192],[317.217,-314.128],[317.215,-314.129],[310.212,-314.132],[-317.214,307.193]],"c":true},"ix":2},"nm":"Path 1","mn":"ADBE Vector Shape - Group","hd":false},{"ty":"fl","c":{"a":0,"k":[0.9411764705882353,0.13333333333333333,0.13333333333333333,1],"ix":4},"o":{"a":0,"k":100,"ix":5},"r":1,"nm":"Fill 1","mn":"ADBE Vector Graphic - Fill","hd":false},{"ty":"tr","p":{"a":0,"k":[345.78,444.828],"ix":2},"a":{"a":0,"k":[0,0],"ix":1},"s":{"a":0,"k":[100,100],"ix":3},"r":{"a":0,"k":0,"ix":6},"o":{"a":0,"k":100,"ix":7},"sk":{"a":0,"k":0,"ix":4},"sa":{"a":0,"k":0,"ix":5},"nm":"Transform"}],"nm":"Group 28","np":2,"cix":2,"ix":28,"mn":"ADBE Vector Group","hd":false},{"ty":"gr","it":[{"ind":0,"ty":"sh","ix":1,"ks":{"a":0,"k":{"i":[[-1.932,-1.916],[0,0],[-1.935,1.919],[0,0],[1.934,1.916],[0,0],[1.933,-1.915],[0,0]],"o":[[0,0],[1.933,1.919],[0,0],[1.932,-1.915],[0,0],[-1.935,-1.917],[0,0],[-1.934,1.916]],"v":[[-313.787,310.729],[-313.785,310.731],[-306.783,310.731],[313.786,-303.796],[313.786,-310.731],[313.786,-310.733],[306.785,-310.736],[-313.785,303.793]],"c":true},"ix":2},"nm":"Path 1","mn":"ADBE Vector Shape - Group","hd":false},{"ty":"fl","c":{"a":0,"k":[0.9411764705882353,0.13333333333333333,0.13333333333333333,1],"ix":4},"o":{"a":0,"k":100,"ix":5},"r":1,"nm":"Fill 1","mn":"ADBE Vector Graphic - Fill","hd":false},{"ty":"tr","p":{"a":0,"k":[335.438,420.386],"ix":2},"a":{"a":0,"k":[0,0],"ix":1},"s":{"a":0,"k":[100,100],"ix":3},"r":{"a":0,"k":0,"ix":6},"o":{"a":0,"k":100,"ix":7},"sk":{"a":0,"k":0,"ix":4},"sa":{"a":0,"k":0,"ix":5},"nm":"Transform"}],"nm":"Group 29","np":2,"cix":2,"ix":29,"mn":"ADBE Vector Group","hd":false},{"ty":"gr","it":[{"ind":0,"ty":"sh","ix":1,"ks":{"a":0,"k":{"i":[[-1.931,-1.918],[0,0],[-1.935,1.916],[0,0],[1.931,1.915],[0,0],[1.935,-1.916],[0,0]],"o":[[0,0],[1.936,1.916],[0,0],[1.933,-1.913],[0,0],[-1.932,-1.917],[0,0],[-1.931,1.914]],"v":[[-309.143,306.133],[-309.143,306.136],[-302.14,306.136],[309.14,-299.196],[309.143,-306.131],[309.14,-306.133],[302.137,-306.136],[-309.143,299.198]],"c":true},"ix":2},"nm":"Path 1","mn":"ADBE Vector Shape - Group","hd":false},{"ty":"fl","c":{"a":0,"k":[0.9411764705882353,0.13333333333333333,0.13333333333333333,1],"ix":4},"o":{"a":0,"k":100,"ix":5},"r":1,"nm":"Fill 1","mn":"ADBE Vector Graphic - Fill","hd":false},{"ty":"tr","p":{"a":0,"k":[324.725,396.31],"ix":2},"a":{"a":0,"k":[0,0],"ix":1},"s":{"a":0,"k":[100,100],"ix":3},"r":{"a":0,"k":0,"ix":6},"o":{"a":0,"k":100,"ix":7},"sk":{"a":0,"k":0,"ix":4},"sa":{"a":0,"k":0,"ix":5},"nm":"Transform"}],"nm":"Group 30","np":2,"cix":2,"ix":30,"mn":"ADBE Vector Group","hd":false},{"ty":"gr","it":[{"ind":0,"ty":"sh","ix":1,"ks":{"a":0,"k":{"i":[[-1.931,-1.917],[0,0],[-1.935,1.911],[0,0],[1.932,1.915],[0,0],[1.936,-1.915],[0,0]],"o":[[0,0],[1.932,1.915],[0,0],[1.936,-1.914],[0,0],[-1.931,-1.916],[0,0],[-1.935,1.914]],"v":[[-303.198,300.246],[-303.194,300.249],[-296.192,300.253],[303.194,-293.308],[303.198,-300.243],[303.194,-300.246],[296.192,-300.249],[-303.194,293.311]],"c":true},"ix":2},"nm":"Path 1","mn":"ADBE Vector Shape - Group","hd":false},{"ty":"fl","c":{"a":0,"k":[0.9411764705882353,0.13333333333333333,0.13333333333333333,1],"ix":4},"o":{"a":0,"k":100,"ix":5},"r":1,"nm":"Fill 1","mn":"ADBE Vector Graphic - Fill","hd":false},{"ty":"tr","p":{"a":0,"k":[313.678,372.565],"ix":2},"a":{"a":0,"k":[0,0],"ix":1},"s":{"a":0,"k":[100,100],"ix":3},"r":{"a":0,"k":0,"ix":6},"o":{"a":0,"k":100,"ix":7},"sk":{"a":0,"k":0,"ix":4},"sa":{"a":0,"k":0,"ix":5},"nm":"Transform"}],"nm":"Group 31","np":2,"cix":2,"ix":31,"mn":"ADBE Vector Group","hd":false},{"ty":"gr","it":[{"ind":0,"ty":"sh","ix":1,"ks":{"a":0,"k":{"i":[[-1.932,-1.917],[0,0],[-1.934,1.916],[0,0],[1.933,1.914],[0,0],[1.935,-1.916],[0,0]],"o":[[0,0],[1.936,1.916],[0,0],[1.933,-1.915],[0,0],[-1.931,-1.917],[0,0],[-1.931,1.914]],"v":[[-295.88,292.996],[-295.879,292.998],[-288.876,292.998],[295.876,-286.058],[295.879,-292.994],[295.876,-292.996],[288.874,-292.998],[-295.879,286.061]],"c":true},"ix":2},"nm":"Path 1","mn":"ADBE Vector Shape - Group","hd":false},{"ty":"fl","c":{"a":0,"k":[0.9411764705882353,0.13333333333333333,0.13333333333333333,1],"ix":4},"o":{"a":0,"k":100,"ix":5},"r":1,"nm":"Fill 1","mn":"ADBE Vector Graphic - Fill","hd":false},{"ty":"tr","p":{"a":0,"k":[302.32,349.128],"ix":2},"a":{"a":0,"k":[0,0],"ix":1},"s":{"a":0,"k":[100,100],"ix":3},"r":{"a":0,"k":0,"ix":6},"o":{"a":0,"k":100,"ix":7},"sk":{"a":0,"k":0,"ix":4},"sa":{"a":0,"k":0,"ix":5},"nm":"Transform"}],"nm":"Group 32","np":2,"cix":2,"ix":32,"mn":"ADBE Vector Group","hd":false},{"ty":"gr","it":[{"ind":0,"ty":"sh","ix":1,"ks":{"a":0,"k":{"i":[[-1.933,-1.915],[0,0],[-1.935,1.916],[0,0],[1.931,1.915],[0,0],[1.935,-1.916],[0,0]],"o":[[0,0],[1.933,1.916],[0,0],[1.933,-1.915],[0,0],[-1.933,-1.917],[0,0],[-1.931,1.915]],"v":[[-287.047,284.251],[-287.046,284.253],[-280.043,284.255],[287.047,-277.316],[287.049,-284.253],[287.047,-284.253],[280.046,-284.255],[-287.046,277.316]],"c":true},"ix":2},"nm":"Path 1","mn":"ADBE Vector Shape - Group","hd":false},{"ty":"fl","c":{"a":0,"k":[0.9411764705882353,0.13333333333333333,0.13333333333333333,1],"ix":4},"o":{"a":0,"k":100,"ix":5},"r":1,"nm":"Fill 1","mn":"ADBE Vector Graphic - Fill","hd":false},{"ty":"tr","p":{"a":0,"k":[290.664,325.938],"ix":2},"a":{"a":0,"k":[0,0],"ix":1},"s":{"a":0,"k":[100,100],"ix":3},"r":{"a":0,"k":0,"ix":6},"o":{"a":0,"k":100,"ix":7},"sk":{"a":0,"k":0,"ix":4},"sa":{"a":0,"k":0,"ix":5},"nm":"Transform"}],"nm":"Group 33","np":2,"cix":2,"ix":33,"mn":"ADBE Vector Group","hd":false},{"ty":"gr","it":[{"ind":0,"ty":"sh","ix":1,"ks":{"a":0,"k":{"i":[[-1.932,-1.915],[0,0],[-1.931,1.916],[0,0],[1.932,1.917],[0,0],[1.933,-1.915],[0,0]],"o":[[0,0],[1.932,1.916],[0,0],[1.935,-1.915],[0,0],[-1.933,-1.916],[0,0],[-1.935,1.914]],"v":[[-276.582,273.887],[-276.579,273.89],[-269.581,273.891],[276.579,-266.952],[276.582,-273.888],[276.579,-273.891],[269.579,-273.892],[-276.579,266.953]],"c":true},"ix":2},"nm":"Path 1","mn":"ADBE Vector Shape - Group","hd":false},{"ty":"fl","c":{"a":0,"k":[0.9411764705882353,0.13333333333333333,0.13333333333333333,1],"ix":4},"o":{"a":0,"k":100,"ix":5},"r":1,"nm":"Fill 1","mn":"ADBE Vector Graphic - Fill","hd":false},{"ty":"tr","p":{"a":0,"k":[278.764,303.039],"ix":2},"a":{"a":0,"k":[0,0],"ix":1},"s":{"a":0,"k":[100,100],"ix":3},"r":{"a":0,"k":0,"ix":6},"o":{"a":0,"k":100,"ix":7},"sk":{"a":0,"k":0,"ix":4},"sa":{"a":0,"k":0,"ix":5},"nm":"Transform"}],"nm":"Group 34","np":2,"cix":2,"ix":34,"mn":"ADBE Vector Group","hd":false},{"ty":"gr","it":[{"ind":0,"ty":"sh","ix":1,"ks":{"a":0,"k":{"i":[[-1.933,-1.917],[0,0],[-1.933,1.914],[0,0],[1.932,1.916],[0,0],[1.934,-1.915],[0,0]],"o":[[0,0],[1.933,1.916],[0,0],[1.935,-1.916],[0,0],[-1.933,-1.917],[0,0],[-1.935,1.915]],"v":[[-264.258,261.685],[-264.256,261.687],[-257.256,261.688],[264.256,-254.749],[264.259,-261.686],[264.256,-261.686],[257.257,-261.688],[-264.256,254.75]],"c":true},"ix":2},"nm":"Path 1","mn":"ADBE Vector Shape - Group","hd":false},{"ty":"fl","c":{"a":0,"k":[0.9411764705882353,0.13333333333333333,0.13333333333333333,1],"ix":4},"o":{"a":0,"k":100,"ix":5},"r":1,"nm":"Fill 1","mn":"ADBE Vector Graphic - Fill","hd":false},{"ty":"tr","p":{"a":0,"k":[266.614,280.387],"ix":2},"a":{"a":0,"k":[0,0],"ix":1},"s":{"a":0,"k":[100,100],"ix":3},"r":{"a":0,"k":0,"ix":6},"o":{"a":0,"k":100,"ix":7},"sk":{"a":0,"k":0,"ix":4},"sa":{"a":0,"k":0,"ix":5},"nm":"Transform"}],"nm":"Group 35","np":2,"cix":2,"ix":35,"mn":"ADBE Vector Group","hd":false},{"ty":"gr","it":[{"ind":0,"ty":"sh","ix":1,"ks":{"a":0,"k":{"i":[[-1.932,-1.916],[0,0],[-1.932,1.915],[0,0],[1.932,1.916],[0,0],[1.935,-1.916],[0,0]],"o":[[0,0],[1.931,1.915],[0,0],[1.935,-1.914],[0,0],[-1.932,-1.917],[0,0],[-1.936,1.915]],"v":[[-249.856,247.421],[-249.852,247.423],[-242.853,247.425],[249.853,-240.485],[249.856,-247.42],[249.853,-247.422],[242.851,-247.424],[-249.852,240.485]],"c":true},"ix":2},"nm":"Path 1","mn":"ADBE Vector Shape - Group","hd":false},{"ty":"fl","c":{"a":0,"k":[0.9411764705882353,0.13333333333333333,0.13333333333333333,1],"ix":4},"o":{"a":0,"k":100,"ix":5},"r":1,"nm":"Fill 1","mn":"ADBE Vector Graphic - Fill","hd":false},{"ty":"tr","p":{"a":0,"k":[254.317,257.881],"ix":2},"a":{"a":0,"k":[0,0],"ix":1},"s":{"a":0,"k":[100,100],"ix":3},"r":{"a":0,"k":0,"ix":6},"o":{"a":0,"k":100,"ix":7},"sk":{"a":0,"k":0,"ix":4},"sa":{"a":0,"k":0,"ix":5},"nm":"Transform"}],"nm":"Group 36","np":2,"cix":2,"ix":36,"mn":"ADBE Vector Group","hd":false},{"ty":"gr","it":[{"ind":0,"ty":"sh","ix":1,"ks":{"a":0,"k":{"i":[[-1.931,-1.916],[0,0],[-1.934,1.915],[0,0],[1.933,1.916],[0,0],[1.931,-1.914],[0,0]],"o":[[0,0],[1.932,1.915],[0,0],[1.936,-1.914],[0,0],[-1.931,-1.916],[0,0],[-1.934,1.916]],"v":[[-232.975,230.706],[-232.972,230.707],[-225.974,230.708],[232.97,-223.77],[232.974,-230.706],[232.97,-230.707],[225.973,-230.709],[-232.972,223.769]],"c":true},"ix":2},"nm":"Path 1","mn":"ADBE Vector Shape - Group","hd":false},{"ty":"fl","c":{"a":0,"k":[0.9411764705882353,0.13333333333333333,0.13333333333333333,1],"ix":4},"o":{"a":0,"k":100,"ix":5},"r":1,"nm":"Fill 1","mn":"ADBE Vector Graphic - Fill","hd":false},{"ty":"tr","p":{"a":0,"k":[241.87,235.524],"ix":2},"a":{"a":0,"k":[0,0],"ix":1},"s":{"a":0,"k":[100,100],"ix":3},"r":{"a":0,"k":0,"ix":6},"o":{"a":0,"k":100,"ix":7},"sk":{"a":0,"k":0,"ix":4},"sa":{"a":0,"k":0,"ix":5},"nm":"Transform"}],"nm":"Group 37","np":2,"cix":2,"ix":37,"mn":"ADBE Vector Group","hd":false},{"ty":"gr","it":[{"ind":0,"ty":"sh","ix":1,"ks":{"a":0,"k":{"i":[[-1.933,-1.917],[0,0],[-1.934,1.915],[0,0],[1.933,1.917],[1.936,-1.914],[0,0]],"o":[[0,0],[1.932,1.915],[0,0],[1.935,-1.914],[-1.933,-1.916],[0,0],[-1.936,1.915]],"v":[[-213.095,211.024],[-213.092,211.025],[-206.093,211.025],[213.093,-204.087],[213.095,-211.024],[206.093,-211.026],[-213.092,204.087]],"c":true},"ix":2},"nm":"Path 1","mn":"ADBE Vector Shape - Group","hd":false},{"ty":"fl","c":{"a":0,"k":[0.9411764705882353,0.13333333333333333,0.13333333333333333,1],"ix":4},"o":{"a":0,"k":100,"ix":5},"r":1,"nm":"Fill 1","mn":"ADBE Vector Graphic - Fill","hd":false},{"ty":"tr","p":{"a":0,"k":[229.397,213.19],"ix":2},"a":{"a":0,"k":[0,0],"ix":1},"s":{"a":0,"k":[100,100],"ix":3},"r":{"a":0,"k":0,"ix":6},"o":{"a":0,"k":100,"ix":7},"sk":{"a":0,"k":0,"ix":4},"sa":{"a":0,"k":0,"ix":5},"nm":"Transform"}],"nm":"Group 38","np":2,"cix":2,"ix":38,"mn":"ADBE Vector Group","hd":false},{"ty":"gr","it":[{"ind":0,"ty":"sh","ix":1,"ks":{"a":0,"k":{"i":[[-1.932,-1.915],[0,0],[-1.935,1.915],[0,0],[1.93,1.917],[0,0],[1.932,-1.915],[0,0]],"o":[[0,0],[1.933,1.916],[0,0],[1.934,-1.915],[0,0],[-1.932,-1.917],[0,0],[-1.934,1.915]],"v":[[-189.368,187.52],[-189.366,187.523],[-182.363,187.526],[189.366,-180.586],[189.37,-187.522],[189.366,-187.524],[182.366,-187.526],[-189.366,180.584]],"c":true},"ix":2},"nm":"Path 1","mn":"ADBE Vector Shape - Group","hd":false},{"ty":"fl","c":{"a":0,"k":[0.9411764705882353,0.13333333333333333,0.13333333333333333,1],"ix":4},"o":{"a":0,"k":100,"ix":5},"r":1,"nm":"Fill 1","mn":"ADBE Vector Graphic - Fill","hd":false},{"ty":"tr","p":{"a":0,"k":[217.011,190.771],"ix":2},"a":{"a":0,"k":[0,0],"ix":1},"s":{"a":0,"k":[100,100],"ix":3},"r":{"a":0,"k":0,"ix":6},"o":{"a":0,"k":100,"ix":7},"sk":{"a":0,"k":0,"ix":4},"sa":{"a":0,"k":0,"ix":5},"nm":"Transform"}],"nm":"Group 39","np":2,"cix":2,"ix":39,"mn":"ADBE Vector Group","hd":false},{"ty":"gr","it":[{"ind":0,"ty":"sh","ix":1,"ks":{"a":0,"k":{"i":[[-1.932,-1.916],[0,0],[-1.935,1.914],[0,0],[1.933,1.915],[1.932,-1.914],[0,0]],"o":[[0,0],[1.936,1.916],[0,0],[1.931,-1.915],[-1.933,-1.916],[0,0],[-1.932,1.915]],"v":[[-160.188,158.627],[-160.188,158.628],[-153.185,158.63],[160.186,-151.691],[160.186,-158.628],[153.185,-158.63],[-160.188,151.691]],"c":true},"ix":2},"nm":"Path 1","mn":"ADBE Vector Shape - Group","hd":false},{"ty":"fl","c":{"a":0,"k":[0.9411764705882353,0.13333333333333333,0.13333333333333333,1],"ix":4},"o":{"a":0,"k":100,"ix":5},"r":1,"nm":"Fill 1","mn":"ADBE Vector Graphic - Fill","hd":false},{"ty":"tr","p":{"a":0,"k":[204.95,168.033],"ix":2},"a":{"a":0,"k":[0,0],"ix":1},"s":{"a":0,"k":[100,100],"ix":3},"r":{"a":0,"k":0,"ix":6},"o":{"a":0,"k":100,"ix":7},"sk":{"a":0,"k":0,"ix":4},"sa":{"a":0,"k":0,"ix":5},"nm":"Transform"}],"nm":"Group 40","np":2,"cix":2,"ix":40,"mn":"ADBE Vector Group","hd":false},{"ty":"gr","it":[{"ind":0,"ty":"sh","ix":1,"ks":{"a":0,"k":{"i":[[-1.935,-1.916],[0,0],[-1.935,1.915],[0,0],[1.931,1.916],[0,0],[1.933,-1.915],[0,0]],"o":[[0,0],[1.932,1.915],[0,0],[1.931,-1.914],[0,0],[-1.933,-1.916],[0,0],[-1.932,1.915]],"v":[[-122.076,120.891],[-122.076,120.893],[-115.074,120.894],[122.081,-113.956],[122.081,-120.892],[122.081,-120.893],[115.078,-120.894],[-122.076,113.956]],"c":true},"ix":2},"nm":"Path 1","mn":"ADBE Vector Shape - Group","hd":false},{"ty":"fl","c":{"a":0,"k":[0.9411764705882353,0.13333333333333333,0.13333333333333333,1],"ix":4},"o":{"a":0,"k":100,"ix":5},"r":1,"nm":"Fill 1","mn":"ADBE Vector Graphic - Fill","hd":false},{"ty":"tr","p":{"a":0,"k":[193.715,144.472],"ix":2},"a":{"a":0,"k":[0,0],"ix":1},"s":{"a":0,"k":[100,100],"ix":3},"r":{"a":0,"k":0,"ix":6},"o":{"a":0,"k":100,"ix":7},"sk":{"a":0,"k":0,"ix":4},"sa":{"a":0,"k":0,"ix":5},"nm":"Transform"}],"nm":"Group 41","np":2,"cix":2,"ix":41,"mn":"ADBE Vector Group","hd":false},{"ty":"gr","it":[{"ind":0,"ty":"sh","ix":1,"ks":{"a":0,"k":{"i":[[-1.933,-1.916],[0,0],[-1.935,1.915],[0,0],[1.932,1.916],[0,0],[1.935,-1.916],[0,0]],"o":[[0,0],[1.936,1.916],[0,0],[1.932,-1.915],[0,0],[-1.936,-1.916],[0,0],[-1.933,1.915]],"v":[[-61.652,61.051],[-61.652,61.055],[-54.65,61.055],[61.653,-54.116],[61.653,-61.051],[61.653,-61.052],[54.652,-61.055],[-61.652,54.116]],"c":true},"ix":2},"nm":"Path 1","mn":"ADBE Vector Shape - Group","hd":false},{"ty":"fl","c":{"a":0,"k":[0.9411764705882353,0.13333333333333333,0.13333333333333333,1],"ix":4},"o":{"a":0,"k":100,"ix":5},"r":1,"nm":"Fill 1","mn":"ADBE Vector Graphic - Fill","hd":false},{"ty":"tr","p":{"a":0,"k":[185.257,118.14],"ix":2},"a":{"a":0,"k":[0,0],"ix":1},"s":{"a":0,"k":[100,100],"ix":3},"r":{"a":0,"k":0,"ix":6},"o":{"a":0,"k":100,"ix":7},"sk":{"a":0,"k":0,"ix":4},"sa":{"a":0,"k":0,"ix":5},"nm":"Transform"}],"nm":"Group 42","np":2,"cix":2,"ix":42,"mn":"ADBE Vector Group","hd":false}],"ip":300,"op":300,"st":0,"bm":0,"hidden":300},{"ddd":0,"ind":12,"ty":4,"nm":"Layer 13 Outlines","sr":1,"ks":{"o":{"a":0,"k":100,"ix":11},"r":{"a":0,"k":0,"ix":10},"p":{"a":1,"k":[{"i":{"x":0.34,"y":1},"o":{"x":0.66,"y":0},"n":"0p34_1_0p66_0","t":0,"s":[626.757,1039.098,0],"e":[858.757,791.098,0],"to":[38.6666679382324,-41.3333320617676,0],"ti":[-38.6666679382324,41.3333320617676,0]},{"t":150}],"ix":2,"x":"var $bm_rt;\n$bm_rt = loopOut('pingpong');"},"a":{"a":0,"k":[485.15,390.424,0],"ix":1},"s":{"a":0,"k":[100,100,100],"ix":6}},"ao":0,"shapes":[{"ty":"gr","it":[{"ind":0,"ty":"sh","ix":1,"ks":{"a":0,"k":{"i":[[10.682,101.738],[78.64,24.189],[85.269,168.759],[104.401,-79.333],[-6.884,-63.253],[27.032,-55.505],[-34.377,-106.833],[-131.554,88.43],[-53.779,-50.382],[-95.921,11.541]],"o":[[-10.683,-101.737],[-78.635,-24.188],[-85.272,-168.76],[-43.663,33.177],[4.92,45.214],[-27.031,55.5],[27.225,84.614],[131.555,-88.431],[54.361,50.925],[82.305,-9.903]],"v":[[474.218,188.193],[298.701,17.019],[59.367,-216.396],[-270.761,-310.84],[-338.705,-145.058],[-360.036,3.626],[-450.522,205.427],[-156.355,276.912],[94.286,273.351],[324.024,378.632]],"c":true},"ix":2},"nm":"Path 1","mn":"ADBE Vector Shape - Group","hd":false},{"ty":"fl","c":{"a":0,"k":[0.7411764705882353,0.06274509803921569,0.8784313725490196,1],"ix":4},"o":{"a":0,"k":100,"ix":5},"r":1,"nm":"Fill 1","mn":"ADBE Vector Graphic - Fill","hd":false},{"ty":"tr","p":{"a":0,"k":[485.149,390.424],"ix":2},"a":{"a":0,"k":[0,0],"ix":1},"s":{"a":0,"k":[100,100],"ix":3},"r":{"a":0,"k":0,"ix":6},"o":{"a":0,"k":100,"ix":7},"sk":{"a":0,"k":0,"ix":4},"sa":{"a":0,"k":0,"ix":5},"nm":"Transform"}],"nm":"Group 1","np":2,"cix":2,"ix":1,"mn":"ADBE Vector Group","hd":false}],"ip":0,"op":300,"st":0,"bm":0},{"ddd":0,"ind":13,"ty":4,"nm":"Layer 1 Outlines","sr":1,"ks":{"o":{"a":0,"k":100,"ix":11},"r":{"a":1,"k":[{"i":{"x":[0.833],"y":[0.833]},"o":{"x":[0.167],"y":[0.167]},"n":["0p833_0p833_0p167_0p167"],"t":0,"s":[-152],"e":[0]},{"t":150}],"ix":10},"p":{"a":0,"k":[1096.945,1039.127,0],"ix":2},"a":{"a":0,"k":[672.217,663.849,0],"ix":1},"s":{"a":1,"k":[{"i":{"x":[0.833,0.833,0.833],"y":[0.833,0.833,0.833]},"o":{"x":[0.167,0.167,0.167],"y":[0.167,0.167,0.167]},"n":["0p833_0p833_0p167_0p167","0p833_0p833_0p167_0p167","0p833_0p833_0p167_0p167"],"t":0,"s":[112.00000000000001,100,100],"e":[100,100,100]},{"t":150}],"ix":6,"x":"var $bm_rt;\n$bm_rt = loopOut('pingpong');"}},"ao":0,"shapes":[{"ty":"gr","it":[{"ind":0,"ty":"sh","ix":1,"ks":{"a":0,"k":{"i":[[160.874,96.556],[68.505,-138.808],[248.816,-92.988],[-78.082,-137.07],[-365.623,82.282],[-36.995,260.892]],"o":[[-203.97,-122.421],[-68.505,138.807],[-172.788,64.574],[78.081,137.075],[348.8,-78.492],[28.479,-200.804]],"v":[[431.617,-541.178],[-21.513,-350.428],[-422.018,-38.282],[-593.886,346.698],[56.262,581.317],[643.488,-55.963]],"c":true},"ix":2},"nm":"Path 1","mn":"ADBE Vector Shape - Group","hd":false},{"ty":"fl","c":{"a":0,"k":[0.7411764705882353,0.06274509803921569,0.8784313725490196,1],"ix":4},"o":{"a":0,"k":100,"ix":5},"r":1,"nm":"Fill 1","mn":"ADBE Vector Graphic - Fill","hd":false},{"ty":"tr","p":{"a":0,"k":[672.217,663.849],"ix":2},"a":{"a":0,"k":[0,0],"ix":1},"s":{"a":0,"k":[100,100],"ix":3},"r":{"a":0,"k":0,"ix":6},"o":{"a":0,"k":100,"ix":7},"sk":{"a":0,"k":0,"ix":4},"sa":{"a":0,"k":0,"ix":5},"nm":"Transform"}],"nm":"Group 1","np":2,"cix":2,"ix":1,"mn":"ADBE Vector Group","hd":false}],"ip":0,"op":300,"st":0,"bm":0},{"ddd":0,"ind":14,"ty":4,"nm":"Shape Layer 1","sr":1,"ks":{"o":{"a":0,"k":100,"ix":11},"r":{"a":0,"k":0,"ix":10},"p":{"a":0,"k":[1000,1000,0],"ix":2},"a":{"a":0,"k":[0,0,0],"ix":1},"s":{"a":0,"k":[100,100,100],"ix":6}},"ao":0,"shapes":[{"ty":"gr","it":[{"ty":"rc","d":1,"s":{"a":0,"k":[2000,2000],"ix":2},"p":{"a":0,"k":[0,0],"ix":3},"r":{"a":0,"k":0,"ix":4},"nm":"Rectangle Path 1","mn":"ADBE Vector Shape - Rect","hd":false},{"ty":"st","c":{"a":0,"k":[0.592156862745098,0.043137254901960784,0.7215686274509804,1],"ix":3},"o":{"a":0,"k":100,"ix":4},"w":{"a":0,"k":0,"ix":5},"lc":1,"lj":1,"ml":4,"nm":"Stroke 1","mn":"ADBE Vector Graphic - Stroke","hd":false},{"ty":"fl","c":{"a":0,"k":[1,1,1,1],"ix":4},"o":{"a":0,"k":100,"ix":5},"r":1,"nm":"Fill 1","mn":"ADBE Vector Graphic - Fill","hd":false},{"ty":"tr","p":{"a":0,"k":[0,0],"ix":2},"a":{"a":0,"k":[0,0],"ix":1},"s":{"a":0,"k":[100,100],"ix":3},"r":{"a":0,"k":0,"ix":6},"o":{"a":0,"k":100,"ix":7},"sk":{"a":0,"k":0,"ix":4},"sa":{"a":0,"k":0,"ix":5},"nm":"Transform"}],"nm":"Rectangle 1","np":3,"cix":2,"ix":1,"mn":"ADBE Vector Group","hd":false}],"ip":0,"op":300,"st":0,"bm":0}]}