{"v":"5.5.7","meta":{"g":"LottieFiles AE 0.1.20","a":"","k":"","d":"","tc":""},"fr":30,"ip":0,"op":480,"w":1920,"h":1080,"nm":"formes","ddd":0,"assets":[],"layers":[{"ddd":0,"ind":1,"ty":4,"nm":"Calque de forme 1","sr":1,"ks":{"o":{"a":0,"k":100,"ix":11},"r":{"a":0,"k":0,"ix":10},"p":{"a":0,"k":[968.084,437.144,0],"ix":2},"a":{"a":0,"k":[0,0,0],"ix":1},"s":{"a":0,"k":[100,100,100],"ix":6}},"ao":0,"shapes":[{"ty":"gr","it":[{"ind":0,"ty":"sh","ix":1,"ks":{"a":1,"k":[{"i":{"x":0.833,"y":0.833},"o":{"x":0.333,"y":0},"t":0,"s":[{"i":[[98.076,1.066],[53.808,-204.1],[-284,26],[-20,166],[186,14]],"o":[[-184,-2],[-116,440],[284,-26],[20,-166],[-186,-14]],"v":[[-142,-304],[-468,-16],[102,446],[608,130],[234,-188]],"c":true}]},{"i":{"x":0.833,"y":0.833},"o":{"x":0.167,"y":0.167},"t":80,"s":[{"i":[[107.525,-15.94],[33.277,-172.029],[-284.159,12.939],[-27.155,175.595],[183.097,26.58]],"o":[[-179.238,19.889],[-71.856,372.02],[241.873,-15.852],[24.855,-164.87],[-159.373,-18.311]],"v":[[-172.284,-293.908],[-504.193,0.214],[41.662,435.64],[551.631,104.541],[227.285,-219.853]],"c":true}]},{"i":{"x":0.833,"y":0.833},"o":{"x":0.167,"y":0.167},"t":183,"s":[{"i":[[130.423,-57.153],[-16.479,-94.309],[-284.542,-18.712],[-44.494,198.848],[176.062,57.065]],"o":[[-167.696,72.933],[35.121,207.279],[139.783,8.739],[36.622,-162.131],[-94.847,-28.757]],"v":[[-199.673,-229.416],[-529.902,113.571],[-42.559,454.573],[465.026,134.926],[281.011,-240.996]],"c":true}]},{"i":{"x":0.667,"y":1},"o":{"x":0.167,"y":0.167},"t":301,"s":[{"i":[[136.321,-68.083],[-11.327,-127.257],[-275.085,-67.923],[-150.761,148.315],[211.904,53.65]],"o":[[-164.162,78.159],[-3.258,102.042],[172.254,38.289],[102.371,-105.723],[-181.26,-45.337]],"v":[[-264.411,-208.834],[-516.312,111.294],[-183.512,402.094],[429.005,272.433],[208.104,-207.74]],"c":true}]},{"t":443,"s":[{"i":[[98.076,1.066],[53.808,-204.1],[-284,26],[-20,166],[186,14]],"o":[[-184,-2],[-116,440],[284,-26],[20,-166],[-186,-14]],"v":[[-142,-304],[-468,-16],[102,446],[608,130],[234,-188]],"c":true}]}],"ix":2},"nm":"Tracé 1","mn":"ADBE Vector Shape - Group","hd":false},{"ty":"st","c":{"a":0,"k":[1,1,1,1],"ix":3},"o":{"a":0,"k":100,"ix":4},"w":{"a":0,"k":0,"ix":5},"lc":1,"lj":1,"ml":4,"bm":0,"nm":"Contour 1","mn":"ADBE Vector Graphic - Stroke","hd":false},{"ty":"fl","c":{"a":0,"k":[0.043137254901960784,0.5411764705882353,0.984313725490196,1],"ix":4},"o":{"a":0,"k":100,"ix":5},"r":1,"bm":0,"nm":"Fond 1","mn":"ADBE Vector Graphic - Fill","hd":false},{"ty":"tr","p":{"a":0,"k":[83.906,48.469],"ix":2},"a":{"a":0,"k":[0,0],"ix":1},"s":{"a":0,"k":[100,99.911],"ix":3},"r":{"a":0,"k":0,"ix":6},"o":{"a":0,"k":100,"ix":7},"sk":{"a":0,"k":0,"ix":4},"sa":{"a":0,"k":0,"ix":5},"nm":"Transformer "}],"nm":"Forme 1","np":3,"cix":2,"bm":0,"ix":1,"mn":"ADBE Vector Group","hd":false}],"ip":0,"op":900,"st":0,"bm":0},{"ddd":0,"ind":2,"ty":4,"nm":"Calque de forme 2","sr":1,"ks":{"o":{"a":0,"k":100,"ix":11},"r":{"a":0,"k":49,"ix":10},"p":{"a":0,"k":[980.084,385.144,0],"ix":2},"a":{"a":0,"k":[0,0,0],"ix":1},"s":{"a":0,"k":[97,97,100],"ix":6}},"ao":0,"shapes":[{"ty":"gr","it":[{"ind":0,"ty":"sh","ix":1,"ks":{"a":1,"k":[{"i":{"x":0.833,"y":0.833},"o":{"x":0.167,"y":0},"t":0,"s":[{"i":[[98.076,1.066],[53.808,-204.1],[-284,26],[-20,166],[186,14]],"o":[[-184,-2],[-116,440],[284,-26],[20,-166],[-186,-14]],"v":[[-142,-304],[-468,-16],[102,446],[608,130],[234,-188]],"c":true}]},{"i":{"x":0.833,"y":0.833},"o":{"x":0.167,"y":0.167},"t":133,"s":[{"i":[[136.321,-68.083],[-11.327,-127.257],[-275.085,-67.923],[-150.761,148.315],[211.904,53.65]],"o":[[-164.162,78.159],[-3.258,102.042],[172.254,38.289],[102.371,-105.723],[-181.26,-45.337]],"v":[[-264.411,-208.834],[-516.312,111.294],[-183.512,402.094],[429.005,272.433],[208.104,-207.74]],"c":true}]},{"i":{"x":0.833,"y":0.833},"o":{"x":0.167,"y":0.167},"t":242,"s":[{"i":[[130.423,-57.153],[-16.479,-94.309],[-284.542,-18.712],[-44.494,198.848],[176.062,57.065]],"o":[[-167.696,72.933],[35.121,207.279],[139.783,8.739],[36.622,-162.131],[-94.847,-28.757]],"v":[[-199.673,-229.416],[-529.902,113.571],[-42.559,454.573],[465.026,134.926],[281.011,-240.996]],"c":true}]},{"i":{"x":0.833,"y":1},"o":{"x":0.167,"y":0.167},"t":360,"s":[{"i":[[107.525,-15.94],[33.277,-172.029],[-284.159,12.939],[-27.155,175.595],[183.097,26.58]],"o":[[-179.238,19.889],[-71.856,372.02],[241.873,-15.852],[24.855,-164.87],[-159.373,-18.311]],"v":[[-172.284,-293.908],[-504.193,0.214],[41.662,435.64],[551.631,104.541],[227.285,-219.853]],"c":true}]},{"t":481,"s":[{"i":[[98.076,1.066],[53.808,-204.1],[-284,26],[-20,166],[186,14]],"o":[[-184,-2],[-116,440],[284,-26],[20,-166],[-186,-14]],"v":[[-142,-304],[-468,-16],[102,446],[608,130],[234,-188]],"c":true}]}],"ix":2},"nm":"Tracé 1","mn":"ADBE Vector Shape - Group","hd":false},{"ty":"st","c":{"a":0,"k":[1,1,1,1],"ix":3},"o":{"a":0,"k":100,"ix":4},"w":{"a":0,"k":0,"ix":5},"lc":1,"lj":1,"ml":4,"bm":0,"nm":"Contour 1","mn":"ADBE Vector Graphic - Stroke","hd":false},{"ty":"fl","c":{"a":0,"k":[0,0.32941176470588235,0.6274509803921569,1],"ix":4},"o":{"a":0,"k":100,"ix":5},"r":1,"bm":0,"nm":"Fond 1","mn":"ADBE Vector Graphic - Fill","hd":false},{"ty":"tr","p":{"a":0,"k":[83.906,48.469],"ix":2},"a":{"a":0,"k":[0,0],"ix":1},"s":{"a":0,"k":[100,99.911],"ix":3},"r":{"a":0,"k":0,"ix":6},"o":{"a":0,"k":100,"ix":7},"sk":{"a":0,"k":0,"ix":4},"sa":{"a":0,"k":0,"ix":5},"nm":"Transformer "}],"nm":"Forme 1","np":3,"cix":2,"bm":0,"ix":1,"mn":"ADBE Vector Group","hd":false}],"ip":0,"op":900,"st":0,"bm":0}],"markers":[]}